land_location,main_annex_gbn,bun,ji,bldg_nm,purpose_nm,etc_purpose_nm,household_cnt,lon,lat
전라남도 광양시 광양읍 구산리 799-2번지,주건축물,"""0799""","""0002""",엘리시온,공동주택,다세대주택,24,127.5767511,34.9794949
전라남도 광양시 광양읍 덕례리 1764-4번지,주건축물,"""1764""","""0004""",포인트빌,공동주택,다세대주택,24,127.5688928,34.9679827
전라남도 광양시 중동 1423-3번지,주건축물,"""1423""","""0003""",스튜디오24원룸,공동주택,다세대주택,24,127.688443,34.9451896
전라남도 광양시 광양읍 구산리 781-7번지,주건축물,"""0781""","""0007""",엘도라도,공동주택,다세대주택,23,127.5775204,34.9811292
전라남도 광양시 광양읍 칠성리 898-2번지,주건축물,"""0898""","""0002""",베네스트A,공동주택,다세대주택,21,127.5834402,34.9800589
전라남도 광양시 광양읍 우산리 478번지,주건축물,"""0478""","""0000""",시엘파크,공동주택,다세대주택,18,127.5899898,34.9822718
전라남도 광양시 중동 1380-7번지,주건축물,"""1380""","""0007""",서울원룸,공동주택,다세대주택,17,127.6872748,34.9414365
전라남도 광양시 광양읍 구산리 799-1번지,주건축물,"""0799""","""0001""",베네스트B,공동주택,다세대주택,16,127.5766083,34.9795846
전라남도 광양시 광양읍 구산리 846-7번지,주건축물,"""0846""","""0007""",아델리스,공동주택,다세대주택,16,127.5775282,34.9753329
전라남도 광양시 광양읍 칠성리 962-3번지,주건축물,"""0962""","""0003""",명문빌,공동주택,다세대주택,16,127.5805596,34.9693397
전라남도 광양시 광영동 734번지,주건축물,"""0734""","""0000""",대아상가연립주택,공동주택,다세대주택,15,127.7255109,34.9621725
전라남도 광양시 광양읍 인서리 130-4번지,주건축물,"""0130""","""0004""",평화연립주택,공동주택,다세대주택,15,127.583795,34.9705407
전라남도 광양시 광양읍 우산리 533-2번지,주건축물,"""0533""","""0002""",태양연립주택,공동주택,다세대주택,15,127.5879145,34.9811289
전라남도 광양시 광양읍 우산리 533-4번지,주건축물,"""0533""","""0004""",태양연립주택,공동주택,다세대주택,12,127.5879056,34.9807142
전라남도 광양시 광양읍 덕례리 1734-14번지,주건축물,"""1734""","""0014""",우성연립주택,공동주택,다세대주택,12,127.5759102,34.9641582
전라남도 광양시 광양읍 칠성리 135-3번지,주건축물,"""0135""","""0003""",삼성연립주택,공동주택,다세대주택,12,127.583847,34.9775903
전라남도 광양시 광양읍 칠성리 510-1번지,주건축물,"""0510""","""0001""",서광타운공동주택(연립주택),공동주택,다세대주택,10,127.5825476,34.9703472
전라남도 광양시 광양읍 칠성리 907-9번지,주건축물,"""0907""","""0009""",서광3차연립주택,공동주택,다세대주택,10,127.5826187,34.9692837
전라남도 광양시 광양읍 칠성리 912-5번지,주건축물,"""0912""","""0005""",삼성연립주택,공동주택,다세대주택,10,127.5813676,34.9676567
전라남도 광양시 광양읍 칠성리 510-1번지,주건축물,"""0510""","""0001""",서광타운공동주택(연립주택),공동주택,다세대주택,9,127.5825476,34.9703472
전라남도 광양시 광양읍 구산리 811-13번지,주건축물,"""0811""","""0013""",광양칠성3지구다세대주택,공동주택,다세대주택,8,127.5763126,34.9774471
전라남도 광양시 광양읍 구산리 817-6번지,주건축물,"""0817""","""0006""",로얄펠리스,공동주택,다세대주택,8,127.5747768,34.9779285
전라남도 광양시 광양읍 구산리 819-13번지,주건축물,"""0819""","""0013""",자연애타운하우스,공동주택,다세대주택,8,127.5746525,34.9786763
전라남도 광양시 광양읍 구산리 819-14번지,주건축물,"""0819""","""0014""",자연애 타운하우스,공동주택,다세대주택,8,127.5747939,34.9788661
전라남도 광양시 광양읍 구산리 819-18번지,주건축물,"""0819""","""0018""",자연애 타운하우스,공동주택,다세대주택,8,127.5748374,34.9789203
전라남도 광양시 광양읍 구산리 838-13번지,주건축물,"""0838""","""0013""",서천드림뷰,공동주택,다세대주택,8,127.5768948,34.9771246
전라남도 광양시 광양읍 구산리 838-14번지,주건축물,"""0838""","""0014""",서천드림뷰,공동주택,다세대주택,8,127.5769817,34.9772511
전라남도 광양시 광양읍 구산리 836-5번지,주건축물,"""0836""","""0005""",자연애3차,공동주택,다세대주택,8,127.5778882,34.9777501
전라남도 광양시 광양읍 구산리 815-2번지,주건축물,"""0815""","""0002""",자연애5차,공동주택,다세대주택,8,127.576099,34.9785281
전라남도 광양시 광양읍 칠성리 896-2번지,주건축물,"""0896""","""0002""",삼보빌라다세대주택,공동주택,다세대주택,8,127.5844829,34.9796208
전라남도 광양시 광양읍 인서리 476-5번지,주건축물,"""0476""","""0005""",호남빌라주택,공동주택,다세대주택,8,127.5832703,34.9682042
전라남도 광양시 광양읍 우산리 406-4번지,주건축물,"""0406""","""0004""",,공동주택,다세대주택,5,127.5913838,34.9816545
전라남도 광양시 광양읍 인서리 478-13번지,주건축물,"""0478""","""0013""",호남맨션,공동주택,다세대주택,8,127.5825155,34.9680393
전라남도 광양시 광양읍 인서리 478-1번지,주건축물,"""0478""","""0001""",호남맨션,공동주택,다세대주택,8,127.5824394,34.9679219
전라남도 광양시 광양읍 덕례리 1674-1번지,주건축물,"""1674""","""0001""",동인주택,공동주택,다세대주택,8,127.5723159,34.9646504
전라남도 광양시 광양읍 칠성리 951-13번지,주건축물,"""0951""","""0013""",대륙리버빌2차2동,공동주택,다세대주택,8,127.579082,34.9713178
전라남도 광양시 광양읍 칠성리 951-6번지,주건축물,"""0951""","""0006""",대륙리버빌2차,공동주택,다세대주택,8,127.5789504,34.9713534
전라남도 광양시 광영동 696-15번지,주건축물,"""0696""","""0015""",한영빌라,공동주택,다세대주택,5,127.7206815,34.9590244
전라남도 광양시 광양읍 목성리 973-2번지,주건축물,"""0973""","""0002""",우림연립,공동주택,다세대주택,7,127.5894974,34.9777899
전라남도 광양시 광영동 766-2번지,주건축물,"""0766""","""0002""",성연빌라,공동주택,다세대주택,6,127.7173533,34.9652548
전라남도 광양시 중동 1398-3번지,주건축물,"""1398""","""0003""",신정식다세대주택,공동주택,다세대주택,6,127.6877089,34.9424563
전라남도 광양시 광영동 766-9번지,주건축물,"""0766""","""0009""",,공동주택,다세대주택,4,127.7176813,34.9654178
전라남도 광양시 광양읍 목성리 973-5번지,주건축물,"""0973""","""0005""",우림연립,공동주택,다세대주택,6,127.5895198,34.9776727
전라남도 광양시 중동 1368-1번지,주건축물,"""1368""","""0001""",현대빌라,공동주택,다세대주택,6,127.6862153,34.9408208
전라남도 광양시 중동 1372-2번지,주건축물,"""1372""","""0002""",장수하이츠빌,공동주택,다세대주택,6,127.6857458,34.940486
전라남도 광양시 광영동 769-11번지,주건축물,"""0769""","""0011""",슈크레빌라,공동주택,다세대주택,4,127.7171707,34.9642357
전라남도 광양시 광영동 770-5번지,주건축물,"""0770""","""0005""",,공동주택,다세대주택,5,127.7176406,34.9644982
전라남도 광양시 광양읍 목성리 757번지,주건축물,"""0757""","""0000""",우정주택,공동주택,다세대주택,6,127.5918856,34.9754451
전라남도 광양시 광양읍 인서리 477-13번지,주건축물,"""0477""","""0013""",서광2차타운,공동주택,다세대주택,6,127.5829634,34.9682572
전라남도 광양시 광양읍 칠성리 911-4번지,주건축물,"""0911""","""0004""",유림연립주택,공동주택,다세대주택,6,127.5817889,34.968785
전라남도 광양시 광영동 771-3번지,주건축물,"""0771""","""0003""",호림주택,공동주택,다세대주택,5,127.7177625,34.9640929
전라남도 광양시 광영동 774-2번지,주건축물,"""0774""","""0002""",,공동주택,다세대주택,5,127.7185139,34.9653116
전라남도 광양시 광영동 781-3번지,주건축물,"""0781""","""0003""",아원빌라,공동주택,다세대주택,8,127.7189799,34.9635188
전라남도 광양시 광영동 786-5번지,주건축물,"""0786""","""0005""",동명빌라,공동주택,다세대주택,6,127.7178225,34.9625605
전라남도 광양시 광영동 790-1번지,주건축물,"""0790""","""0001""",,공동주택,다세대주택,6,127.7202974,34.9625212
전라남도 광양시 광영동 790-2번지,주건축물,"""0790""","""0002""",,공동주택,다세대주택,6,127.7204507,34.9625215
전라남도 광양시 광영동 792-10번지,주건축물,"""0792""","""0010""",한성빌라,공동주택,다세대주택,5,127.7205336,34.963901
전라남도 광양시 다압면 신원리 407-4번지,주건축물,"""0407""","""0004""",평화를여는마을,공동주택,다세대주택,4,127.7370846,35.0582575
전라남도 광양시 다압면 신원리 407-4번지,주건축물,"""0407""","""0004""",평화를여는마을,공동주택,다세대주택,4,127.7370846,35.0582575
전라남도 광양시 다압면 신원리 407-4번지,주건축물,"""0407""","""0004""",평화를여는마을,공동주택,다세대주택,4,127.7370846,35.0582575
전라남도 광양시 다압면 신원리 407-4번지,주건축물,"""0407""","""0004""",평화를여는마을,공동주택,다세대주택,4,127.7370846,35.0582575
전라남도 광양시 다압면 신원리 407-4번지,주건축물,"""0407""","""0004""",평화를여는마을,공동주택,다세대주택,4,127.7370846,35.0582575
전라남도 광양시 다압면 신원리 407-4번지,주건축물,"""0407""","""0004""",평화를여는마을,공동주택,다세대주택,4,127.7370846,35.0582575
전라남도 광양시 다압면 신원리 407-4번지,주건축물,"""0407""","""0004""",평화를여는마을,공동주택,다세대주택,4,127.7370846,35.0582575
전라남도 광양시 다압면 신원리 407-4번지,주건축물,"""0407""","""0004""",평화를여는마을,공동주택,다세대주택,4,127.7370846,35.0582575
전라남도 광양시 마동 1086-3번지,주건축물,"""1086""","""0003""",바구돌빌라,공동주택,다세대주택,7,127.6978317,34.952407
전라남도 광양시 옥곡면 신금리 1382-2번지,주건축물,"""1382""","""0002""",,공동주택,다세대주택,4,127.6977613,34.989466
전라남도 광양시 중동 1368-7번지,주건축물,"""1368""","""0007""",,공동주택,다세대주택,4,127.6861938,34.9407035
전라남도 광양시 광양읍 목성리 757-1번지,주건축물,"""0757""","""0001""",우정주택,공동주택,다세대주택,4,127.5920169,34.9754816
전라남도 광양시 광양읍 목성리 757-2번지,주건축물,"""0757""","""0002""",우정주택,공동주택,다세대주택,4,127.59217,34.9755092
전라남도 광양시 중동 1358-2번지,주건축물,"""1358""","""0002""",대성주택,공동주택,다세대주택,4,127.6936554,34.9419215
전라남도 광양시 태인동 125-137번지,주건축물,"""0125""","""0137""",,공동주택,다세대주택,3,127.7564375,34.9425774
전라남도 광양시 다압면 신원리 407-4번지,주건축물,"""0407""","""0004""",평화를여는마을,공동주택,다세대주택,1,127.7370846,35.0582575
전라남도 광양시 광영동 394-3번지,주건축물,"""0394""","""0003""",해피빌,공동주택,빌라,67,127.7170124,34.9624955
전라남도 광양시 금호동 684번지,주건축물,"""0684""","""0000""",목련빌라,공동주택,빌라,22,127.7284291,34.9405889
전라남도 광양시 금호동 684번지,주건축물,"""0684""","""0000""",목련빌라,공동주택,빌라,22,127.7284291,34.9405889
전라남도 광양시 금호동 684번지,주건축물,"""0684""","""0000""",목련빌라,공동주택,빌라,22,127.7284291,34.9405889
전라남도 광양시 금호동 684번지,주건축물,"""0684""","""0000""",목련빌라,공동주택,빌라,21,127.7284291,34.9405889
전라남도 광양시 광양읍 칠성리 520-5번지,주건축물,"""0520""","""0005""",맥시멈빌라,공동주택,빌라,19,127.5823121,34.9714371
전라남도 광양시 광양읍 덕례리 1735-6번지,주건축물,"""1735""","""0006""",덕례리 대성빌라,공동주택,빌라,19,127.5768673,34.9632871
전라남도 광양시 광양읍 인서리 134-1번지,주건축물,"""0134""","""0001""",평화그린빌라,공동주택,빌라,19,127.5831939,34.9703133
전라남도 광양시 광영동 317-5번지,주건축물,"""0317""","""0005""",성심빌라 연립,공동주택,빌라,19,127.7144972,34.9646712
전라남도 광양시 금호동 684번지,주건축물,"""0684""","""0000""",목련빌라,공동주택,빌라,18,127.7284291,34.9405889
전라남도 광양시 금호동 684번지,주건축물,"""0684""","""0000""",목련빌라,공동주택,빌라,18,127.7284291,34.9405889
전라남도 광양시 금호동 684번지,주건축물,"""0684""","""0000""",목련빌라,공동주택,빌라,18,127.7284291,34.9405889
전라남도 광양시 금호동 684번지,주건축물,"""0684""","""0000""",목련빌라,공동주택,빌라,18,127.7284291,34.9405889
전라남도 광양시 금호동 684번지,주건축물,"""0684""","""0000""",목련빌라,공동주택,빌라,18,127.7284291,34.9405889
전라남도 광양시 금호동 684번지,주건축물,"""0684""","""0000""",목련빌라,공동주택,빌라,18,127.7284291,34.9405889
전라남도 광양시 금호동 684번지,주건축물,"""0684""","""0000""",목련빌라,공동주택,빌라,18,127.7284291,34.9405889
전라남도 광양시 금호동 684번지,주건축물,"""0684""","""0000""",목련빌라,공동주택,빌라,18,127.7284291,34.9405889
전라남도 광양시 금호동 684번지,주건축물,"""0684""","""0000""",목련빌라,공동주택,빌라,18,127.7284291,34.9405889
전라남도 광양시 금호동 684번지,주건축물,"""0684""","""0000""",목련빌라,공동주택,빌라,18,127.7284291,34.9405889
전라남도 광양시 광양읍 인서리 136번지,주건축물,"""0136""","""0000""",용천파크빌,공동주택,빌라,17,127.5841254,34.9701903
전라남도 광양시 광양읍 칠성리 37-1번지,주건축물,"""0037""","""0001""",칠성그린빌라,공동주택,빌라,16,127.5881922,34.978155
전라남도 광양시 광양읍 인서리 103-1번지,주건축물,"""0103""","""0001""",수정빌라,공동주택,빌라,16,127.5862832,34.972271
전라남도 광양시 광양읍 인서리 462-4번지,주건축물,"""0462""","""0004""",남흥빌라,공동주택,빌라,16,127.5868786,34.9692892
전라남도 광양시 광영동 796-3번지,주건축물,"""0796""","""0003""",한성빌라,공동주택,빌라,16,127.7217193,34.9630022
전라남도 광양시 금호동 684번지,주건축물,"""0684""","""0000""",목련빌라,공동주택,빌라,15,127.7284291,34.9405889
전라남도 광양시 광양읍 구산리 819-9번지,주건축물,"""0819""","""0009""",더모아빌라,공동주택,빌라,15,127.5744692,34.9781077
전라남도 광양시 금호동 684번지,주건축물,"""0684""","""0000""",목련빌라,공동주택,빌라,15,127.7284291,34.9405889
전라남도 광양시 금호동 684번지,주건축물,"""0684""","""0000""",목련빌라,공동주택,빌라,15,127.7284291,34.9405889
전라남도 광양시 금호동 684번지,주건축물,"""0684""","""0000""",목련빌라,공동주택,빌라,15,127.7284291,34.9405889
전라남도 광양시 금호동 684번지,주건축물,"""0684""","""0000""",목련빌라,공동주택,빌라,15,127.7284291,34.9405889
전라남도 광양시 금호동 684번지,주건축물,"""0684""","""0000""",목련빌라,공동주택,빌라,15,127.7284291,34.9405889
전라남도 광양시 광양읍 덕례리 1737-7번지,주건축물,"""1737""","""0007""",청솔빌,공동주택,빌라,14,127.578025,34.9638861
전라남도 광양시 금호동 684번지,주건축물,"""0684""","""0000""",목련빌라,공동주택,빌라,13,127.7284291,34.9405889
전라남도 광양시 금호동 684번지,주건축물,"""0684""","""0000""",목련빌라,공동주택,빌라,13,127.7284291,34.9405889
전라남도 광양시 금호동 684번지,주건축물,"""0684""","""0000""",목련빌라,공동주택,빌라,12,127.7284291,34.9405889
전라남도 광양시 금호동 684번지,주건축물,"""0684""","""0000""",목련빌라,공동주택,빌라,12,127.7284291,34.9405889
전라남도 광양시 금호동 684번지,주건축물,"""0684""","""0000""",목련빌라,공동주택,빌라,12,127.7284291,34.9405889
전라남도 광양시 금호동 684번지,주건축물,"""0684""","""0000""",목련빌라,공동주택,빌라,12,127.7284291,34.9405889
전라남도 광양시 금호동 684번지,주건축물,"""0684""","""0000""",목련빌라,공동주택,빌라,12,127.7284291,34.9405889
전라남도 광양시 금호동 684번지,주건축물,"""0684""","""0000""",목련빌라,공동주택,빌라,12,127.7284291,34.9405889
전라남도 광양시 금호동 684번지,주건축물,"""0684""","""0000""",목련빌라,공동주택,빌라,12,127.7284291,34.9405889
전라남도 광양시 중동 1403-5번지,주건축물,"""1403""","""0005""",광인빌,공동주택,빌라,11,127.6865782,34.9432557
전라남도 광양시 광영동 797-4번지,주건축물,"""0797""","""0004""",우주빌라,공동주택,빌라,11,127.7215203,34.9635516
전라남도 광양시 금호동 684번지,주건축물,"""0684""","""0000""",목련빌라,공동주택,빌라,10,127.7284291,34.9405889
전라남도 광양시 금호동 684번지,주건축물,"""0684""","""0000""",목련빌라,공동주택,빌라,10,127.7284291,34.9405889
전라남도 광양시 금호동 684번지,주건축물,"""0684""","""0000""",목련빌라,공동주택,빌라,10,127.7284291,34.9405889
전라남도 광양시 광양읍 우산리 20-8번지,주건축물,"""0020""","""0008""",월파로하스빌,공동주택,빌라,10,127.5989049,34.9913612
전라남도 광양시 금호동 684번지,주건축물,"""0684""","""0000""",목련빌라,공동주택,빌라,10,127.7284291,34.9405889
전라남도 광양시 금호동 684번지,주건축물,"""0684""","""0000""",목련빌라,공동주택,빌라,10,127.7284291,34.9405889
전라남도 광양시 금호동 684번지,주건축물,"""0684""","""0000""",목련빌라,공동주택,빌라,10,127.7284291,34.9405889
전라남도 광양시 금호동 684번지,주건축물,"""0684""","""0000""",목련빌라,공동주택,빌라,10,127.7284291,34.9405889
전라남도 광양시 금호동 684번지,주건축물,"""0684""","""0000""",목련빌라,공동주택,빌라,10,127.7284291,34.9405889
전라남도 광양시 금호동 684번지,주건축물,"""0684""","""0000""",목련빌라,공동주택,빌라,10,127.7284291,34.9405889
전라남도 광양시 금호동 684번지,주건축물,"""0684""","""0000""",목련빌라,공동주택,빌라,10,127.7284291,34.9405889
전라남도 광양시 광양읍 구산리 763-1번지,주건축물,"""0763""","""0001""",매화하이츠빌라,공동주택,빌라,8,127.5774696,34.9824813
전라남도 광양시 광양읍 구산리 763-1번지,주건축물,"""0763""","""0001""",매화하이츠빌라,공동주택,빌라,8,127.5774696,34.9824813
전라남도 광양시 광양읍 구산리 792-14번지,주건축물,"""0792""","""0014""",보은빌라,공동주택,빌라,8,127.5773486,34.9804526
전라남도 광양시 광양읍 칠성리 898-1번지,주건축물,"""0898""","""0001""",칠성드림뷰빌라,공동주택,빌라,8,127.5831772,34.9800851
전라남도 광양시 광양읍 칠성리 915-1번지,주건축물,"""0915""","""0001""",신화리브빌,공동주택,빌라,8,127.5817192,34.9674146
전라남도 광양시 광양읍 칠성리 923-12번지,주건축물,"""0923""","""0012""",대륙리버빌,공동주택,빌라,8,127.5767927,34.9735455
전라남도 광양시 광양읍 칠성리 926-2번지,주건축물,"""0926""","""0002""",서천스카이빌,공동주택,빌라,8,127.5777376,34.9750812
전라남도 광양시 광양읍 칠성리 934-12번지,주건축물,"""0934""","""0012""",그랜드뷰빌라,공동주택,빌라,8,127.5782574,34.9740914
전라남도 광양시 광양읍 칠성리 934-13번지,주건축물,"""0934""","""0013""",그랜드뷰B,공동주택,빌라,8,127.5785307,34.9741915
전라남도 광양시 광양읍 칠성리 948-12번지,주건축물,"""0948""","""0012""",신화하이빌,공동주택,빌라,8,127.580819,34.9721622
전라남도 광양시 광양읍 칠성리 994-6번지,주건축물,"""0994""","""0006""",SKY캐슬,공동주택,빌라,8,127.5803087,34.9798769
전라남도 광양시 광양읍 칠성리 997-12번지,주건축물,"""0997""","""0012""",미강에코빌,공동주택,빌라,8,127.5821527,34.979108
전라남도 광양시 광양읍 목성리 559번지,주건축물,"""0559""","""0000""",루스빌리지,공동주택,빌라,8,127.5924813,34.9745907
전라남도 광양시 광양읍 목성리 755번지,주건축물,"""0755""","""0000""",목성빌라,공동주택,빌라,8,127.5916899,34.975156
전라남도 광양시 광양읍 인서리 485-9번지,주건축물,"""0485""","""0009""",신화그린빌,공동주택,빌라,8,127.5842851,34.9667563
전라남도 광양시 광양읍 덕례리 1728-9번지,주건축물,"""1728""","""0009""",성용빌리아트빌라,공동주택,빌라,8,127.5743548,34.9642339
전라남도 광양시 중동 1361-20번지,주건축물,"""1361""","""0020""",송림빌라,공동주택,빌라,8,127.6903365,34.9394881
전라남도 광양시 광양읍 칠성리 894-1번지,주건축물,"""0894""","""0001""",우산빌라,공동주택,빌라,8,127.5845951,34.9812708
전라남도 광양시 광양읍 인서리 454-4번지,주건축물,"""0454""","""0004""",우림목련빌라,공동주택,빌라,8,127.5840087,34.9694327
전라남도 광양시 광양읍 덕례리 1762-3번지,주건축물,"""1762""","""0003""",신도에이스빌라,공동주택,빌라,8,127.5682324,34.9686294
전라남도 광양시 중동 1542-2번지,주건축물,"""1542""","""0002""",하나빌라,공동주택,빌라,7,127.6894462,34.9491406
전라남도 광양시 광양읍 칠성리 907-8번지,주건축물,"""0907""","""0008""",동서빌라,공동주택,빌라,7,127.5824086,34.9696796
전라남도 광양시 중동 1379-5번지,주건축물,"""1379""","""0005""",거송빌라,공동주택,빌라,7,127.6868361,34.9416697
전라남도 광양시 광양읍 칠성리 910-5번지,주건축물,"""0910""","""0005""",대성빌라,공동주택,빌라,6,127.5819322,34.9686052
전라남도 광양시 광양읍 칠성리 910-5번지,주건축물,"""0910""","""0005""",대성빌라,공동주택,빌라,6,127.5819322,34.9686052
전라남도 광양시 광영동 792-11번지,주건축물,"""0792""","""0011""",한성빌라,공동주택,빌라,5,127.7203584,34.9639005
전라남도 광양시 광양읍 우산리 20-8번지,주건축물,"""0020""","""0008""",월파로하스빌,공동주택,빌라,4,127.5989049,34.9913612
전라남도 광양시 광양읍 우산리 20-8번지,주건축물,"""0020""","""0008""",월파로하스빌,공동주택,빌라,4,127.5989049,34.9913612
전라남도 광양시 광양읍 우산리 20-8번지,주건축물,"""0020""","""0008""",월파로하스빌,공동주택,빌라,4,127.5989049,34.9913612
전라남도 광양시 중동 1707-3번지,주건축물,"""1707""","""0003""",청솔빌라,공동주택,빌라,4,127.6971354,34.9482405
전라남도 광양시 중동 1402-6번지,주건축물,"""1402""","""0006""",무지개빌라,공동주택,빌라,4,127.6864165,34.9426152
전라남도 광양시 광영동 795-1번지,주건축물,"""0795""","""0001""",이연빌라,공동주택,빌라,4,127.721971,34.9630479
전라남도 광양시 광양읍 우산리 20-1번지,주건축물,"""0020""","""0001""",해비타트,공동주택,빌라,4,127.598541,34.9918378
전라남도 광양시 광양읍 우산리 20-1번지,주건축물,"""0020""","""0001""",해비타트,공동주택,빌라,4,127.598541,34.9918378
전라남도 광양시 광양읍 우산리 20-1번지,주건축물,"""0020""","""0001""",해비타트,공동주택,빌라,4,127.598541,34.9918378
전라남도 광양시 광양읍 우산리 20-1번지,주건축물,"""0020""","""0001""",해비타트,공동주택,빌라,4,127.598541,34.9918378
전라남도 광양시 광양읍 인서리 477-14번지,주건축물,"""0477""","""0014""",서광2차타운,공동주택,빌라,3,127.5830296,34.9681493
전라남도 광양시 광양읍 우산리 20-1번지,주건축물,"""0020""","""0001""",해비타트,공동주택,빌라,3,127.598541,34.9918378
전라남도 광양시 광양읍 인서리 477-1번지,주건축물,"""0477""","""0001""",서광2차타운,공동주택,빌라,3,127.5828427,34.9683019
전라남도 광양시 중동 1665번지,주건축물,"""1665""","""0000""",성호2차아파트,공동주택,아파트,511,127.690977,34.9321698
전라남도 광양시 중동 1665번지,주건축물,"""1665""","""0000""",성호2차아파트,공동주택,아파트,506,127.690977,34.9321698
전라남도 광양시 광영동 757-1번지,주건축물,"""0757""","""0001""",광영상아아파트,공동주택,아파트,385,127.718082,34.9667169
전라남도 광양시 중동 1665번지,주건축물,"""1665""","""0000""",성호2차아파트,공동주택,아파트,304,127.690977,34.9321698
전라남도 광양시 중동 1665번지,주건축물,"""1665""","""0000""",성호2차아파트,공동주택,아파트,304,127.690977,34.9321698
전라남도 광양시 중동 1354번지,주건축물,"""1354""","""0000""",중마부영2차아파트,공동주택,아파트,285,127.6934343,34.9425069
전라남도 광양시 중동 1665번지,주건축물,"""1665""","""0000""",성호2차아파트,공동주택,아파트,281,127.690977,34.9321698
전라남도 광양시 중동 1665번지,주건축물,"""1665""","""0000""",성호2차아파트,공동주택,아파트,279,127.690977,34.9321698
전라남도 광양시 중동 1665번지,주건축물,"""1665""","""0000""",성호2차아파트,공동주택,아파트,275,127.690977,34.9321698
전라남도 광양시 광영동 757-1번지,주건축물,"""0757""","""0001""",광영상아아파트,공동주택,아파트,270,127.718082,34.9667169
전라남도 광양시 중동 1665번지,주건축물,"""1665""","""0000""",성호2차아파트,공동주택,아파트,263,127.690977,34.9321698
전라남도 광양시 중동 1665번지,주건축물,"""1665""","""0000""",성호2차아파트,공동주택,아파트,259,127.690977,34.9321698
전라남도 광양시 광양읍 덕례리 1755-1번지,주건축물,"""1755""","""0001""",대림아파트,공동주택,아파트,238,127.5650436,34.9690057
전라남도 광양시 중동 1592번지,주건축물,"""1592""","""0000""",대광로제비앙2차아파트,공동주택,아파트,231,127.6887353,34.9518432
전라남도 광양시 중동 1309-1번지,주건축물,"""1309""","""0001""",e편한세상광양아파트,공동주택,아파트,220,127.6988982,34.9392122
전라남도 광양시 중동 1309-1번지,주건축물,"""1309""","""0001""",e편한세상광양아파트,공동주택,아파트,220,127.6988982,34.9392122
전라남도 광양시 광양읍 덕례리 1687-1번지,주건축물,"""1687""","""0001""",계원아파트,공동주택,아파트,215,127.5695014,34.9646855
전라남도 광양시 중동 1665번지,주건축물,"""1665""","""0000""",성호2차아파트,공동주택,아파트,212,127.690977,34.9321698
전라남도 광양시 중동 1594번지,주건축물,"""1594""","""0000""",대광로제비앙3차아파트,공동주택,아파트,208,127.6899843,34.951639
전라남도 광양시 중동 1418번지,주건축물,"""1418""","""0000""",무등파크맨션아파트,공동주택,아파트,200,127.6898656,34.9453555
전라남도 광양시 중동 1686번지,주건축물,"""1686""","""0000""",성호1차아파트,공동주택,아파트,198,127.6968533,34.9326534
전라남도 광양시 중동 1686번지,주건축물,"""1686""","""0000""",성호1차아파트,공동주택,아파트,198,127.6968533,34.9326534
전라남도 광양시 중동 1686번지,주건축물,"""1686""","""0000""",성호1차아파트,공동주택,아파트,198,127.6968533,34.9326534
전라남도 광양시 중동 1665번지,주건축물,"""1665""","""0000""",성호2차아파트,공동주택,아파트,196,127.690977,34.9321698
전라남도 광양시 광양읍 용강리 893번지,주건축물,"""0893""","""0000""",창덕에버빌2차아파트,공동주택,아파트,189,127.6102191,34.9731435
전라남도 광양시 중동 1665번지,주건축물,"""1665""","""0000""",성호2차아파트,공동주택,아파트,188,127.690977,34.9321698
전라남도 광양시 광양읍 용강리 893번지,주건축물,"""0893""","""0000""",창덕에버빌2차아파트,공동주택,아파트,186,127.6102191,34.9731435
전라남도 광양시 중동 1665번지,주건축물,"""1665""","""0000""",성호2차아파트,공동주택,아파트,185,127.690977,34.9321698
전라남도 광양시 중동 1354번지,주건축물,"""1354""","""0000""",중마부영2차아파트,공동주택,아파트,180,127.6934343,34.9425069
전라남도 광양시 중동 1686번지,주건축물,"""1686""","""0000""",성호1차아파트,공동주택,아파트,177,127.6968533,34.9326534
전라남도 광양시 중동 1686번지,주건축물,"""1686""","""0000""",성호1차아파트,공동주택,아파트,177,127.6968533,34.9326534
전라남도 광양시 광양읍 용강리 919번지,주건축물,"""0919""","""0000""",남해오네뜨,공동주택,아파트,168,127.6104189,34.9679517
전라남도 광양시 광양읍 용강리 919번지,주건축물,"""0919""","""0000""",남해오네뜨,공동주택,아파트,167,127.6104189,34.9679517
전라남도 광양시 중동 1665번지,주건축물,"""1665""","""0000""",성호2차아파트,공동주택,아파트,167,127.690977,34.9321698
전라남도 광양시 중동 1354번지,주건축물,"""1354""","""0000""",중마부영2차아파트,공동주택,아파트,165,127.6934343,34.9425069
전라남도 광양시 중동 1354번지,주건축물,"""1354""","""0000""",중마부영2차아파트,공동주택,아파트,165,127.6934343,34.9425069
전라남도 광양시 중동 1354번지,주건축물,"""1354""","""0000""",중마부영2차아파트,공동주택,아파트,165,127.6934343,34.9425069
전라남도 광양시 중동 1592번지,주건축물,"""1592""","""0000""",대광로제비앙2차아파트,공동주택,아파트,161,127.6887353,34.9518432
전라남도 광양시 광양읍 칠성리 952번지,주건축물,"""0952""","""0000""",광양상아아파트,공동주택,아파트,160,127.5782274,34.971405
전라남도 광양시 마동 1165-10번지,주건축물,"""1165""","""0010""",컴팩트시티,공동주택,아파트,156,127.7016527,34.934324
전라남도 광양시 광양읍 용강리 907번지,주건축물,"""0907""","""0000""",광양송보파인빌7차아파트,공동주택,아파트,154,127.6125244,34.9696532
전라남도 광양시 중동 1682번지,주건축물,"""1682""","""0000""",태영2차아파트,공동주택,아파트,150,127.6957296,34.9346158
전라남도 광양시 광양읍 덕례리 1725번지,주건축물,"""1725""","""0000""",오성타워맨션아파트,공동주택,아파트,150,127.5767913,34.9652881
전라남도 광양시 광양읍 칠성리 19번지,주건축물,"""0019""","""0000""",광양공공실버주택,공동주택,아파트,150,127.5875242,34.9781347
전라남도 광양시 중동 1416번지,주건축물,"""1416""","""0000""",남양파크아파트,공동주택,아파트,150,127.6897317,34.9431105
전라남도 광양시 광양읍 덕례리 1725번지,주건축물,"""1725""","""0000""",오성타워맨션아파트,공동주택,아파트,150,127.5767913,34.9652881
전라남도 광양시 옥곡면 신금리 1876번지,주건축물,"""1876""","""0000""",광양의봄프리미엄2차아파트,공동주택,아파트,149,127.7160134,34.975916
전라남도 광양시 중동 1301-1번지,주건축물,"""1301""","""0001""",중마부영1차아파트,공동주택,아파트,148,127.7006838,34.9418849
전라남도 광양시 광양읍 용강리 907번지,주건축물,"""0907""","""0000""",광양송보파인빌7차아파트,공동주택,아파트,148,127.6125244,34.9696532
전라남도 광양시 마동 1046번지,주건축물,"""1046""","""0000""",송보 파인빌 뷰아파트,공동주택,아파트,148,127.6912788,34.9538779
전라남도 광양시 옥곡면 신금리 1876번지,주건축물,"""1876""","""0000""",광양의봄프리미엄2차아파트,공동주택,아파트,146,127.7160134,34.975916
전라남도 광양시 중동 1686번지,주건축물,"""1686""","""0000""",성호1차아파트,공동주택,아파트,144,127.6968533,34.9326534
전라남도 광양시 중동 1686번지,주건축물,"""1686""","""0000""",성호1차아파트,공동주택,아파트,144,127.6968533,34.9326534
전라남도 광양시 중동 1354번지,주건축물,"""1354""","""0000""",중마부영2차아파트,공동주택,아파트,144,127.6934343,34.9425069
전라남도 광양시 중동 1665번지,주건축물,"""1665""","""0000""",성호2차아파트,공동주택,아파트,143,127.690977,34.9321698
전라남도 광양시 중동 1912번지,주건축물,"""1912""","""0000""",진아리채2차아파트,공동주택,아파트,142,127.6871228,34.9382359
전라남도 광양시 중동 1663번지,주건축물,"""1663""","""0000""",금광1차아파트,공동주택,아파트,138,127.6901136,34.9347278
전라남도 광양시 광양읍 용강리 907번지,주건축물,"""0907""","""0000""",광양송보파인빌7차아파트,공동주택,아파트,138,127.6125244,34.9696532
전라남도 광양시 광양읍 덕례리 1755-1번지,주건축물,"""1755""","""0001""",대림아파트,공동주택,아파트,136,127.5650436,34.9690057
전라남도 광양시 중동 1655번지,주건축물,"""1655""","""0000""",광양시중마지구호반리젠시빌,공동주택,아파트,136,127.693565,34.9368009
전라남도 광양시 광양읍 덕례리 1688-1번지,주건축물,"""1688""","""0001""",효성아파트,공동주택,아파트,136,127.5700062,34.96448
전라남도 광양시 광양읍 덕례리 1755-1번지,주건축물,"""1755""","""0001""",대림아파트,공동주택,아파트,136,127.5650436,34.9690057
전라남도 광양시 광양읍 덕례리 1755-1번지,주건축물,"""1755""","""0001""",대림아파트,공동주택,아파트,136,127.5650436,34.9690057
전라남도 광양시 광양읍 덕례리 1755-1번지,주건축물,"""1755""","""0001""",대림아파트,공동주택,아파트,136,127.5650436,34.9690057
전라남도 광양시 광양읍 덕례리 1755-1번지,주건축물,"""1755""","""0001""",대림아파트,공동주택,아파트,135,127.5650436,34.9690057
전라남도 광양시 중동 1416번지,주건축물,"""1416""","""0000""",남양파크아파트,공동주택,아파트,135,127.6897317,34.9431105
전라남도 광양시 중동 1301-1번지,주건축물,"""1301""","""0001""",중마부영1차아파트,공동주택,아파트,134,127.7006838,34.9418849
전라남도 광양시 마동 1298번지,주건축물,"""1298""","""0000""",덕진광양의봄2단지아파트,공동주택,아파트,132,127.7009131,34.9511165
전라남도 광양시 중동 1590번지,주건축물,"""1590""","""0000""",광양써니밸리아파트,공동주택,아파트,132,127.6875892,34.9509297
전라남도 광양시 중동 1590번지,주건축물,"""1590""","""0000""",광양써니밸리아파트,공동주택,아파트,132,127.6875892,34.9509297
전라남도 광양시 마동 1055번지,주건축물,"""1055""","""0000""",광양송보파인빌5차아파트,공동주택,아파트,132,127.6893217,34.9531247
전라남도 광양시 광양읍 용강리 892번지,주건축물,"""0892""","""0000""",창덕에버빌1차아파트,공동주택,아파트,132,127.6090073,34.974636
전라남도 광양시 중동 1681번지,주건축물,"""1681""","""0000""",태영1차아파트,공동주택,아파트,130,127.6970869,34.9346192
전라남도 광양시 중동 1681번지,주건축물,"""1681""","""0000""",태영1차아파트,공동주택,아파트,130,127.6970869,34.9346192
전라남도 광양시 중동 1682번지,주건축물,"""1682""","""0000""",태영2차아파트,공동주택,아파트,130,127.6957296,34.9346158
전라남도 광양시 광양읍 용강리 893번지,주건축물,"""0893""","""0000""",창덕에버빌2차아파트,공동주택,아파트,130,127.6102191,34.9731435
전라남도 광양시 중동 1681번지,주건축물,"""1681""","""0000""",태영1차아파트,공동주택,아파트,128,127.6970869,34.9346192
전라남도 광양시 광양읍 용강리 907번지,주건축물,"""0907""","""0000""",광양송보파인빌7차아파트,공동주택,아파트,128,127.6125244,34.9696532
전라남도 광양시 광양읍 용강리 892번지,주건축물,"""0892""","""0000""",창덕에버빌1차아파트,공동주택,아파트,128,127.6090073,34.974636
전라남도 광양시 광양읍 용강리 893번지,주건축물,"""0893""","""0000""",창덕에버빌2차아파트,공동주택,아파트,128,127.6102191,34.9731435
전라남도 광양시 중동 1663번지,주건축물,"""1663""","""0000""",금광1차아파트,공동주택,아파트,126,127.6901136,34.9347278
전라남도 광양시 중동 1663번지,주건축물,"""1663""","""0000""",금광1차아파트,공동주택,아파트,126,127.6901136,34.9347278
전라남도 광양시 중동 1686번지,주건축물,"""1686""","""0000""",성호1차아파트,공동주택,아파트,126,127.6968533,34.9326534
전라남도 광양시 광양읍 덕례리 1822번지,주건축물,"""1822""","""0000""",덕례수시아아파트,공동주택,아파트,126,127.5684036,34.9693872
전라남도 광양시 광양읍 구산리 850-1번지,주건축물,"""0850""","""0001""",칠성e-편한세상아파트,공동주택,아파트,126,127.5754387,34.9748929
전라남도 광양시 광양읍 용강리 893번지,주건축물,"""0893""","""0000""",창덕에버빌2차아파트,공동주택,아파트,125,127.6102191,34.9731435
전라남도 광양시 중동 1354번지,주건축물,"""1354""","""0000""",중마부영2차아파트,공동주택,아파트,122,127.6934343,34.9425069
전라남도 광양시 태인동 397-1번지,주건축물,"""0397""","""0001""",선미태인하이츠아파트,공동주택,아파트,122,127.7488059,34.9429225
전라남도 광양시 중동 1655번지,주건축물,"""1655""","""0000""",광양시중마지구호반리젠시빌,공동주택,아파트,120,127.693565,34.9368009
전라남도 광양시 중동 1655번지,주건축물,"""1655""","""0000""",광양시중마지구호반리젠시빌,공동주택,아파트,120,127.693565,34.9368009
전라남도 광양시 중동 1655번지,주건축물,"""1655""","""0000""",광양시중마지구호반리젠시빌,공동주택,아파트,120,127.693565,34.9368009
전라남도 광양시 중동 1681번지,주건축물,"""1681""","""0000""",태영1차아파트,공동주택,아파트,120,127.6970869,34.9346192
전라남도 광양시 마동 1030번지,주건축물,"""1030""","""0000""",마동주공아파트,공동주택,아파트,120,127.689441,34.9563433
전라남도 광양시 중동 1354번지,주건축물,"""1354""","""0000""",중마부영2차아파트,공동주택,아파트,120,127.6934343,34.9425069
전라남도 광양시 중동 1354번지,주건축물,"""1354""","""0000""",중마부영2차아파트,공동주택,아파트,120,127.6934343,34.9425069
전라남도 광양시 중동 1376번지,주건축물,"""1376""","""0000""",중마시영아파트,공동주택,아파트,120,127.6859273,34.9417125
전라남도 광양시 중동 1418번지,주건축물,"""1418""","""0000""",무등파크맨션아파트,공동주택,아파트,120,127.6898656,34.9453555
전라남도 광양시 중동 1418번지,주건축물,"""1418""","""0000""",무등파크맨션아파트,공동주택,아파트,120,127.6898656,34.9453555
전라남도 광양시 중동 1418번지,주건축물,"""1418""","""0000""",무등파크맨션아파트,공동주택,아파트,120,127.6898656,34.9453555
전라남도 광양시 광영동 755-1번지,주건축물,"""0755""","""0001""",가야아파트,공동주택,아파트,120,127.7149513,34.966349
전라남도 광양시 광영동 755-1번지,주건축물,"""0755""","""0001""",가야아파트,공동주택,아파트,120,127.7149513,34.966349
전라남도 광양시 광양읍 덕례리 1725번지,주건축물,"""1725""","""0000""",오성타워맨션아파트,공동주택,아파트,120,127.5767913,34.9652881
전라남도 광양시 광양읍 덕례리 1725번지,주건축물,"""1725""","""0000""",오성타워맨션아파트,공동주택,아파트,120,127.5767913,34.9652881
전라남도 광양시 중동 1696-4번지,주건축물,"""1696""","""0004""",우봉카이스트빌아파트,공동주택,아파트,119,127.6964631,34.9464629
전라남도 광양시 중동 1301-1번지,주건축물,"""1301""","""0001""",중마부영1차아파트,공동주택,아파트,118,127.7006838,34.9418849
전라남도 광양시 금호동 826번지,주건축물,"""0826""","""0000""",송죽아파트,공동주택,아파트,116,127.7184496,34.9392681
전라남도 광양시 중동 1912번지,주건축물,"""1912""","""0000""",진아리채2차아파트,공동주택,아파트,116,127.6871228,34.9382359
전라남도 광양시 마동 1161번지,주건축물,"""1161""","""0000""",중마우림필유아파트,공동주택,아파트,116,127.7083538,34.9399835
전라남도 광양시 마동 1295번지,주건축물,"""1295""","""0000""",덕진광양의봄1단지아파트,공동주택,아파트,116,127.7012588,34.9523794
전라남도 광양시 광양읍 구산리 137-2번지,주건축물,"""0137""","""0002""",광양삼익아파트,공동주택,아파트,116,127.5847674,34.9840209
전라남도 광양시 마동 1161번지,주건축물,"""1161""","""0000""",중마우림필유아파트,공동주택,아파트,113,127.7083538,34.9399835
전라남도 광양시 옥곡면 신금리 1876번지,주건축물,"""1876""","""0000""",광양의봄프리미엄2차아파트,공동주택,아파트,112,127.7160134,34.975916
전라남도 광양시 마동 1298번지,주건축물,"""1298""","""0000""",덕진광양의봄2단지아파트,공동주택,아파트,111,127.7009131,34.9511165
전라남도 광양시 광영동 755-2번지,주건축물,"""0755""","""0002""",광영현대아파트,공동주택,아파트,111,127.7160594,34.9657476
전라남도 광양시 중동 1356-2번지,주건축물,"""1356""","""0002""",선우아파트,공동주택,아파트,110,127.6922794,34.9410166
전라남도 광양시 중동 1594번지,주건축물,"""1594""","""0000""",대광로제비앙3차아파트,공동주택,아파트,109,127.6899843,34.951639
전라남도 광양시 마동 1161번지,주건축물,"""1161""","""0000""",중마우림필유아파트,공동주택,아파트,109,127.7083538,34.9399835
전라남도 광양시 옥곡면 신금리 1876번지,주건축물,"""1876""","""0000""",광양의봄프리미엄2차아파트,공동주택,아파트,108,127.7160134,34.975916
전라남도 광양시 중동 1691번지,주건축물,"""1691""","""0000""",성호1차아파트,공동주택,아파트,108,127.6936504,34.9314825
전라남도 광양시 태인동 397-1번지,주건축물,"""0397""","""0001""",선미태인하이츠아파트,공동주택,아파트,108,127.7488059,34.9429225
전라남도 광양시 금호동 624-13번지,주건축물,"""0624""","""0013""",사랑아파트,공동주택,아파트,107,127.71712,34.934343
전라남도 광양시 중동 1912번지,주건축물,"""1912""","""0000""",진아리채2차아파트,공동주택,아파트,106,127.6871228,34.9382359
전라남도 광양시 광양읍 용강리 919번지,주건축물,"""0919""","""0000""",남해오네뜨,공동주택,아파트,106,127.6104189,34.9679517
전라남도 광양시 마동 1298번지,주건축물,"""1298""","""0000""",덕진광양의봄2단지아파트,공동주택,아파트,105,127.7009131,34.9511165
전라남도 광양시 중동 1376번지,주건축물,"""1376""","""0000""",중마시영아파트,공동주택,아파트,105,127.6859273,34.9417125
전라남도 광양시 금호동 624-13번지,주건축물,"""0624""","""0013""",사랑아파트,공동주택,아파트,104,127.71712,34.934343
전라남도 광양시 중동 1682번지,주건축물,"""1682""","""0000""",태영2차아파트,공동주택,아파트,104,127.6957296,34.9346158
전라남도 광양시 마동 1033번지,주건축물,"""1033""","""0000""",신원아르시스아파트,공동주택,아파트,104,127.6909439,34.9555718
전라남도 광양시 중동 1655번지,주건축물,"""1655""","""0000""",광양시중마지구호반리젠시빌,공동주택,아파트,102,127.693565,34.9368009
전라남도 광양시 중동 1663번지,주건축물,"""1663""","""0000""",금광1차아파트,공동주택,아파트,102,127.6901136,34.9347278
전라남도 광양시 광영동 732번지,주건축물,"""0732""","""0000""",광양광영사랑으로부영2차,공동주택,아파트,102,127.7275536,34.9603471
전라남도 광양시 중동 1734번지,주건축물,"""1734""","""0000""",태완노블리안아파트,공동주택,아파트,102,127.7013556,34.9437977
전라남도 광양시 광양읍 용강리 892번지,주건축물,"""0892""","""0000""",창덕에버빌1차아파트,공동주택,아파트,102,127.6090073,34.974636
전라남도 광양시 중동 1663번지,주건축물,"""1663""","""0000""",금광1차아파트,공동주택,아파트,100,127.6901136,34.9347278
전라남도 광양시 중동 1663번지,주건축물,"""1663""","""0000""",금광1차아파트,공동주택,아파트,100,127.6901136,34.9347278
전라남도 광양시 중동 1682번지,주건축물,"""1682""","""0000""",태영2차아파트,공동주택,아파트,100,127.6957296,34.9346158
전라남도 광양시 마동 1031번지,주건축물,"""1031""","""0000""",광양송보파인빌6차아파트,공동주택,아파트,100,127.6919604,34.9560702
전라남도 광양시 광영동 755-1번지,주건축물,"""0755""","""0001""",가야아파트,공동주택,아파트,100,127.7149513,34.966349
전라남도 광양시 광양읍 용강리 893번지,주건축물,"""0893""","""0000""",창덕에버빌2차아파트,공동주택,아파트,100,127.6102191,34.9731435
전라남도 광양시 광양읍 용강리 893번지,주건축물,"""0893""","""0000""",창덕에버빌2차아파트,공동주택,아파트,100,127.6102191,34.9731435
전라남도 광양시 광양읍 용강리 893번지,주건축물,"""0893""","""0000""",창덕에버빌2차아파트,공동주택,아파트,100,127.6102191,34.9731435
전라남도 광양시 마동 1031번지,주건축물,"""1031""","""0000""",광양송보파인빌6차아파트,공동주택,아파트,99,127.6919604,34.9560702
전라남도 광양시 광양읍 칠성리 524-7번지,주건축물,"""0524""","""0007""",삼보타워아파트,공동주택,아파트,99,127.5823632,34.9721494
전라남도 광양시 마동 1161번지,주건축물,"""1161""","""0000""",중마우림필유아파트,공동주택,아파트,98,127.7083538,34.9399835
전라남도 광양시 마동 1161번지,주건축물,"""1161""","""0000""",중마우림필유아파트,공동주택,아파트,98,127.7083538,34.9399835
전라남도 광양시 마동 1055번지,주건축물,"""1055""","""0000""",광양송보파인빌5차아파트,공동주택,아파트,98,127.6893217,34.9531247
전라남도 광양시 마동 1105번지,주건축물,"""1105""","""0000""",중마노르웨이숲아파트,공동주택,아파트,96,127.6946384,34.9513984
전라남도 광양시 마동 1105번지,주건축물,"""1105""","""0000""",중마노르웨이숲아파트,공동주택,아파트,96,127.6946384,34.9513984
전라남도 광양시 마동 1161번지,주건축물,"""1161""","""0000""",중마우림필유아파트,공동주택,아파트,96,127.7083538,34.9399835
전라남도 광양시 중동 1734번지,주건축물,"""1734""","""0000""",태완노블리안아파트,공동주택,아파트,96,127.7013556,34.9437977
전라남도 광양시 마동 1045번지,주건축물,"""1045""","""0000""",광양 송보타워 아파트,공동주택,아파트,96,127.6923843,34.9539709
전라남도 광양시 광영동 755-2번지,주건축물,"""0755""","""0002""",광영현대아파트,공동주택,아파트,96,127.7160594,34.9657476
전라남도 광양시 광양읍 용강리 892번지,주건축물,"""0892""","""0000""",창덕에버빌1차아파트,공동주택,아파트,96,127.6090073,34.974636
전라남도 광양시 광양읍 용강리 893번지,주건축물,"""0893""","""0000""",창덕에버빌2차아파트,공동주택,아파트,96,127.6102191,34.9731435
전라남도 광양시 광양읍 용강리 893번지,주건축물,"""0893""","""0000""",창덕에버빌2차아파트,공동주택,아파트,96,127.6102191,34.9731435
전라남도 광양시 광양읍 용강리 893번지,주건축물,"""0893""","""0000""",창덕에버빌2차아파트,공동주택,아파트,96,127.6102191,34.9731435
전라남도 광양시 금호동 624-13번지,주건축물,"""0624""","""0013""",사랑아파트,공동주택,아파트,96,127.71712,34.934343
전라남도 광양시 마동 1105번지,주건축물,"""1105""","""0000""",중마노르웨이숲아파트,공동주택,아파트,95,127.6946384,34.9513984
전라남도 광양시 마동 1105번지,주건축물,"""1105""","""0000""",중마노르웨이숲아파트,공동주택,아파트,95,127.6946384,34.9513984
전라남도 광양시 마동 1105번지,주건축물,"""1105""","""0000""",중마노르웨이숲아파트,공동주택,아파트,95,127.6946384,34.9513984
전라남도 광양시 광양읍 구산리 850-1번지,주건축물,"""0850""","""0001""",칠성e-편한세상아파트,공동주택,아파트,95,127.5754387,34.9748929
전라남도 광양시 마동 1033번지,주건축물,"""1033""","""0000""",신원아르시스아파트,공동주택,아파트,94,127.6909439,34.9555718
전라남도 광양시 마동 1161번지,주건축물,"""1161""","""0000""",중마우림필유아파트,공동주택,아파트,93,127.7083538,34.9399835
전라남도 광양시 옥곡면 신금리 1876번지,주건축물,"""1876""","""0000""",광양의봄프리미엄2차아파트,공동주택,아파트,93,127.7160134,34.975916
전라남도 광양시 중동 1663번지,주건축물,"""1663""","""0000""",금광1차아파트,공동주택,아파트,92,127.6901136,34.9347278
전라남도 광양시 광양읍 용강리 919번지,주건축물,"""0919""","""0000""",남해오네뜨,공동주택,아파트,92,127.6104189,34.9679517
전라남도 광양시 광양읍 구산리 850-1번지,주건축물,"""0850""","""0001""",칠성e-편한세상아파트,공동주택,아파트,92,127.5754387,34.9748929
전라남도 광양시 광양읍 덕례리 1662-1번지,주건축물,"""1662""","""0001""",부성아파트,공동주택,아파트,91,127.5709738,34.967927
전라남도 광양시 마동 1031번지,주건축물,"""1031""","""0000""",광양송보파인빌6차아파트,공동주택,아파트,91,127.6919604,34.9560702
전라남도 광양시 마동 1055번지,주건축물,"""1055""","""0000""",광양송보파인빌5차아파트,공동주택,아파트,91,127.6893217,34.9531247
전라남도 광양시 중동 1655번지,주건축물,"""1655""","""0000""",광양시중마지구호반리젠시빌,공동주택,아파트,90,127.693565,34.9368009
전라남도 광양시 중동 1655번지,주건축물,"""1655""","""0000""",광양시중마지구호반리젠시빌,공동주택,아파트,90,127.693565,34.9368009
전라남도 광양시 광양읍 덕례리 1695-1번지,주건축물,"""1695""","""0001""",영신 그린빌,공동주택,아파트,90,127.5727406,34.9629842
전라남도 광양시 마동 1019번지,주건축물,"""1019""","""0000""",금광블루빌아파트,공동주택,아파트,90,127.6871123,34.9553998
전라남도 광양시 광양읍 구산리 762-2번지,주건축물,"""0762""","""0002""",매화마을주공아파트,공동주택,아파트,90,127.5789099,34.983559
전라남도 광양시 광양읍 구산리 762-2번지,주건축물,"""0762""","""0002""",매화마을주공아파트,공동주택,아파트,90,127.5789099,34.983559
전라남도 광양시 광양읍 구산리 762-2번지,주건축물,"""0762""","""0002""",매화마을주공아파트,공동주택,아파트,90,127.5789099,34.983559
전라남도 광양시 광양읍 구산리 762-2번지,주건축물,"""0762""","""0002""",매화마을주공아파트,공동주택,아파트,90,127.5789099,34.983559
전라남도 광양시 마동 1055번지,주건축물,"""1055""","""0000""",광양송보파인빌5차아파트,공동주택,아파트,90,127.6893217,34.9531247
전라남도 광양시 광영동 755-1번지,주건축물,"""0755""","""0001""",가야아파트,공동주택,아파트,90,127.7149513,34.966349
전라남도 광양시 광영동 755-1번지,주건축물,"""0755""","""0001""",가야아파트,공동주택,아파트,90,127.7149513,34.966349
전라남도 광양시 광양읍 용강리 892번지,주건축물,"""0892""","""0000""",창덕에버빌1차아파트,공동주택,아파트,90,127.6090073,34.974636
전라남도 광양시 중동 1434번지,주건축물,"""1434""","""0000""",중마2주공아파트,공동주택,아파트,89,127.6858901,34.9457059
전라남도 광양시 중동 1434번지,주건축물,"""1434""","""0000""",중마2주공아파트,공동주택,아파트,89,127.6858901,34.9457059
전라남도 광양시 중동 1434번지,주건축물,"""1434""","""0000""",중마2주공아파트,공동주택,아파트,89,127.6858901,34.9457059
전라남도 광양시 중동 1434번지,주건축물,"""1434""","""0000""",중마2주공아파트,공동주택,아파트,89,127.6858901,34.9457059
전라남도 광양시 중동 1434번지,주건축물,"""1434""","""0000""",중마2주공아파트,공동주택,아파트,89,127.6858901,34.9457059
전라남도 광양시 중동 1434번지,주건축물,"""1434""","""0000""",중마2주공아파트,공동주택,아파트,89,127.6858901,34.9457059
전라남도 광양시 중동 1434번지,주건축물,"""1434""","""0000""",중마2주공아파트,공동주택,아파트,89,127.6858901,34.9457059
전라남도 광양시 중동 1434번지,주건축물,"""1434""","""0000""",중마2주공아파트,공동주택,아파트,89,127.6858901,34.9457059
전라남도 광양시 광양읍 구산리 137-2번지,주건축물,"""0137""","""0002""",광양삼익아파트,공동주택,아파트,89,127.5847674,34.9840209
전라남도 광양시 옥곡면 신금리 1876번지,주건축물,"""1876""","""0000""",광양의봄프리미엄2차아파트,공동주택,아파트,88,127.7160134,34.975916
전라남도 광양시 광영동 846번지,주건축물,"""0846""","""0000""",브라운스톤가야아파트,공동주택,아파트,88,127.7124503,34.964441
전라남도 광양시 광영동 846번지,주건축물,"""0846""","""0000""",브라운스톤가야아파트,공동주택,아파트,88,127.7124503,34.964441
전라남도 광양시 마동 1295번지,주건축물,"""1295""","""0000""",덕진광양의봄1단지아파트,공동주택,아파트,86,127.7012588,34.9523794
전라남도 광양시 금호동 624-13번지,주건축물,"""0624""","""0013""",사랑아파트,공동주택,아파트,86,127.71712,34.934343
전라남도 광양시 광영동 846번지,주건축물,"""0846""","""0000""",브라운스톤가야아파트,공동주택,아파트,85,127.7124503,34.964441
전라남도 광양시 마동 1030번지,주건축물,"""1030""","""0000""",마동주공아파트,공동주택,아파트,84,127.689441,34.9563433
전라남도 광양시 광양읍 용강리 919번지,주건축물,"""0919""","""0000""",남해오네뜨,공동주택,아파트,84,127.6104189,34.9679517
전라남도 광양시 광양읍 덕례리 1822번지,주건축물,"""1822""","""0000""",덕례수시아아파트,공동주택,아파트,84,127.5684036,34.9693872
전라남도 광양시 마동 1031번지,주건축물,"""1031""","""0000""",광양송보파인빌6차아파트,공동주택,아파트,84,127.6919604,34.9560702
전라남도 광양시 마동 1031번지,주건축물,"""1031""","""0000""",광양송보파인빌6차아파트,공동주택,아파트,84,127.6919604,34.9560702
전라남도 광양시 금호동 624-13번지,주건축물,"""0624""","""0013""",사랑아파트,공동주택,아파트,84,127.71712,34.934343
전라남도 광양시 금호동 624-13번지,주건축물,"""0624""","""0013""",사랑아파트,공동주택,아파트,84,127.71712,34.934343
전라남도 광양시 광양읍 용강리 919번지,주건축물,"""0919""","""0000""",남해오네뜨,공동주택,아파트,83,127.6104189,34.9679517
전라남도 광양시 광양읍 덕례리 1822번지,주건축물,"""1822""","""0000""",덕례수시아아파트,공동주택,아파트,83,127.5684036,34.9693872
전라남도 광양시 광영동 846번지,주건축물,"""0846""","""0000""",브라운스톤가야아파트,공동주택,아파트,82,127.7124503,34.964441
전라남도 광양시 중동 1590번지,주건축물,"""1590""","""0000""",광양써니밸리아파트,공동주택,아파트,81,127.6875892,34.9509297
전라남도 광양시 중동 1663번지,주건축물,"""1663""","""0000""",금광1차아파트,공동주택,아파트,80,127.6901136,34.9347278
전라남도 광양시 광양읍 구산리 832-1번지,주건축물,"""0832""","""0001""",덕진광양의봄아파트,공동주택,아파트,80,127.5742148,34.9764752
전라남도 광양시 광양읍 구산리 832-1번지,주건축물,"""0832""","""0001""",덕진광양의봄아파트,공동주택,아파트,80,127.5742148,34.9764752
전라남도 광양시 광양읍 구산리 832-1번지,주건축물,"""0832""","""0001""",덕진광양의봄아파트,공동주택,아파트,80,127.5742148,34.9764752
전라남도 광양시 광양읍 인서리 480번지,주건축물,"""0480""","""0000""",광양부영아파트,공동주택,아파트,80,127.5836805,34.967214
전라남도 광양시 광양읍 인서리 480번지,주건축물,"""0480""","""0000""",광양부영아파트,공동주택,아파트,80,127.5836805,34.967214
전라남도 광양시 중동 1418번지,주건축물,"""1418""","""0000""",무등파크맨션아파트,공동주택,아파트,80,127.6898656,34.9453555
전라남도 광양시 광영동 755-1번지,주건축물,"""0755""","""0001""",가야아파트,공동주택,아파트,80,127.7149513,34.966349
전라남도 광양시 광영동 755-1번지,주건축물,"""0755""","""0001""",가야아파트,공동주택,아파트,80,127.7149513,34.966349
전라남도 광양시 광양읍 구산리 832-1번지,주건축물,"""0832""","""0001""",덕진광양의봄아파트,공동주택,아파트,79,127.5742148,34.9764752
전라남도 광양시 광양읍 구산리 832-1번지,주건축물,"""0832""","""0001""",덕진광양의봄아파트,공동주택,아파트,79,127.5742148,34.9764752
전라남도 광양시 마동 1298번지,주건축물,"""1298""","""0000""",덕진광양의봄2단지아파트,공동주택,아파트,78,127.7009131,34.9511165
전라남도 광양시 옥곡면 신금리 1876번지,주건축물,"""1876""","""0000""",광양의봄프리미엄2차아파트,공동주택,아파트,78,127.7160134,34.975916
전라남도 광양시 광양읍 용강리 907번지,주건축물,"""0907""","""0000""",광양송보파인빌7차아파트,공동주택,아파트,77,127.6125244,34.9696532
전라남도 광양시 광양읍 덕례리 1844번지,주건축물,"""1844""","""0000""",흥한에르가,공동주택,아파트,76,127.5628051,34.969854
전라남도 광양시 옥곡면 신금리 1876번지,주건축물,"""1876""","""0000""",광양의봄프리미엄2차아파트,공동주택,아파트,76,127.7160134,34.975916
전라남도 광양시 광양읍 구산리 850-1번지,주건축물,"""0850""","""0001""",칠성e-편한세상아파트,공동주택,아파트,76,127.5754387,34.9748929
전라남도 광양시 광양읍 덕례리 1844번지,주건축물,"""1844""","""0000""",흥한에르가,공동주택,아파트,75,127.5628051,34.969854
전라남도 광양시 광영동 733-3번지,주건축물,"""0733""","""0003""",광양광영사랑으로부영1차,공동주택,아파트,74,127.7272327,34.9613831
전라남도 광양시 광양읍 덕례리 1844번지,주건축물,"""1844""","""0000""",흥한에르가,공동주택,아파트,74,127.5628051,34.969854
전라남도 광양시 중동 1696-4번지,주건축물,"""1696""","""0004""",우봉카이스트빌아파트,공동주택,아파트,74,127.6964631,34.9464629
전라남도 광양시 광양읍 용강리 907번지,주건축물,"""0907""","""0000""",광양송보파인빌7차아파트,공동주택,아파트,74,127.6125244,34.9696532
전라남도 광양시 광양읍 덕례리 1695-1번지,주건축물,"""1695""","""0001""",영신 그린빌,공동주택,아파트,73,127.5727406,34.9629842
전라남도 광양시 광양읍 덕례리 1844번지,주건축물,"""1844""","""0000""",흥한에르가,공동주택,아파트,73,127.5628051,34.969854
전라남도 광양시 마동 1298번지,주건축물,"""1298""","""0000""",덕진광양의봄2단지아파트,공동주택,아파트,72,127.7009131,34.9511165
전라남도 광양시 광영동 733-3번지,주건축물,"""0733""","""0003""",광양광영사랑으로부영1차,공동주택,아파트,72,127.7272327,34.9613831
전라남도 광양시 광양읍 구산리 832-1번지,주건축물,"""0832""","""0001""",덕진광양의봄아파트,공동주택,아파트,72,127.5742148,34.9764752
전라남도 광양시 중동 1691번지,주건축물,"""1691""","""0000""",성호1차아파트,공동주택,아파트,72,127.6936504,34.9314825
전라남도 광양시 중동 1691번지,주건축물,"""1691""","""0000""",성호1차아파트,공동주택,아파트,72,127.6936504,34.9314825
전라남도 광양시 중동 1691번지,주건축물,"""1691""","""0000""",성호1차아파트,공동주택,아파트,72,127.6936504,34.9314825
전라남도 광양시 중동 1691번지,주건축물,"""1691""","""0000""",성호1차아파트,공동주택,아파트,72,127.6936504,34.9314825
전라남도 광양시 광영동 755-2번지,주건축물,"""0755""","""0002""",광영현대아파트,공동주택,아파트,72,127.7160594,34.9657476
전라남도 광양시 광영동 755-2번지,주건축물,"""0755""","""0002""",광영현대아파트,공동주택,아파트,72,127.7160594,34.9657476
전라남도 광양시 광영동 755-2번지,주건축물,"""0755""","""0002""",광영현대아파트,공동주택,아파트,72,127.7160594,34.9657476
전라남도 광양시 광영동 755-2번지,주건축물,"""0755""","""0002""",광영현대아파트,공동주택,아파트,72,127.7160594,34.9657476
전라남도 광양시 광영동 755-2번지,주건축물,"""0755""","""0002""",광영현대아파트,공동주택,아파트,72,127.7160594,34.9657476
전라남도 광양시 광양읍 용강리 907번지,주건축물,"""0907""","""0000""",광양송보파인빌7차아파트,공동주택,아파트,72,127.6125244,34.9696532
전라남도 광양시 광양읍 목성리 1000번지,주건축물,"""1000""","""0000""",서광빌라,공동주택,아파트,71,127.592161,34.9773391
전라남도 광양시 마동 1298번지,주건축물,"""1298""","""0000""",덕진광양의봄2단지아파트,공동주택,아파트,71,127.7009131,34.9511165
전라남도 광양시 광양읍 구산리 832-1번지,주건축물,"""0832""","""0001""",덕진광양의봄아파트,공동주택,아파트,71,127.5742148,34.9764752
전라남도 광양시 마동 1055번지,주건축물,"""1055""","""0000""",광양송보파인빌5차아파트,공동주택,아파트,71,127.6893217,34.9531247
전라남도 광양시 광양읍 칠성리 952번지,주건축물,"""0952""","""0000""",광양상아아파트,공동주택,아파트,70,127.5782274,34.971405
전라남도 광양시 광양읍 용강리 893번지,주건축물,"""0893""","""0000""",창덕에버빌2차아파트,공동주택,아파트,70,127.6102191,34.9731435
전라남도 광양시 중동 1663번지,주건축물,"""1663""","""0000""",금광1차아파트,공동주택,아파트,68,127.6901136,34.9347278
전라남도 광양시 중동 1663번지,주건축물,"""1663""","""0000""",금광1차아파트,공동주택,아파트,68,127.6901136,34.9347278
전라남도 광양시 중동 1912번지,주건축물,"""1912""","""0000""",진아리채2차아파트,공동주택,아파트,68,127.6871228,34.9382359
전라남도 광양시 광영동 732번지,주건축물,"""0732""","""0000""",광양광영사랑으로부영2차,공동주택,아파트,68,127.7275536,34.9603471
전라남도 광양시 광영동 732번지,주건축물,"""0732""","""0000""",광양광영사랑으로부영2차,공동주택,아파트,68,127.7275536,34.9603471
전라남도 광양시 광영동 732번지,주건축물,"""0732""","""0000""",광양광영사랑으로부영2차,공동주택,아파트,68,127.7275536,34.9603471
전라남도 광양시 금호동 624-13번지,주건축물,"""0624""","""0013""",사랑아파트,공동주택,아파트,68,127.71712,34.934343
전라남도 광양시 광양읍 덕례리 1822번지,주건축물,"""1822""","""0000""",덕례수시아아파트,공동주택,아파트,68,127.5684036,34.9693872
전라남도 광양시 광양읍 덕례리 1822번지,주건축물,"""1822""","""0000""",덕례수시아아파트,공동주택,아파트,68,127.5684036,34.9693872
전라남도 광양시 광양읍 덕례리 1822번지,주건축물,"""1822""","""0000""",덕례수시아아파트,공동주택,아파트,68,127.5684036,34.9693872
전라남도 광양시 광양읍 덕례리 1844번지,주건축물,"""1844""","""0000""",흥한에르가,공동주택,아파트,68,127.5628051,34.969854
전라남도 광양시 금호동 624-13번지,주건축물,"""0624""","""0013""",사랑아파트,공동주택,아파트,68,127.71712,34.934343
전라남도 광양시 중동 1655번지,주건축물,"""1655""","""0000""",광양시중마지구호반리젠시빌,공동주택,아파트,66,127.693565,34.9368009
전라남도 광양시 중동 1912번지,주건축물,"""1912""","""0000""",진아리채2차아파트,공동주택,아파트,66,127.6871228,34.9382359
전라남도 광양시 마동 1030번지,주건축물,"""1030""","""0000""",마동주공아파트,공동주택,아파트,66,127.689441,34.9563433
전라남도 광양시 광양읍 구산리 832-1번지,주건축물,"""0832""","""0001""",덕진광양의봄아파트,공동주택,아파트,66,127.5742148,34.9764752
전라남도 광양시 마동 1031번지,주건축물,"""1031""","""0000""",광양송보파인빌6차아파트,공동주택,아파트,66,127.6919604,34.9560702
전라남도 광양시 광영동 755-2번지,주건축물,"""0755""","""0002""",광영현대아파트,공동주택,아파트,66,127.7160594,34.9657476
전라남도 광양시 광영동 755-2번지,주건축물,"""0755""","""0002""",광영현대아파트,공동주택,아파트,66,127.7160594,34.9657476
전라남도 광양시 마동 1046번지,주건축물,"""1046""","""0000""",송보 파인빌 뷰아파트,공동주택,아파트,66,127.6912788,34.9538779
전라남도 광양시 중동 1912번지,주건축물,"""1912""","""0000""",진아리채2차아파트,공동주택,아파트,64,127.6871228,34.9382359
전라남도 광양시 광영동 732번지,주건축물,"""0732""","""0000""",광양광영사랑으로부영2차,공동주택,아파트,64,127.7275536,34.9603471
전라남도 광양시 광영동 732번지,주건축물,"""0732""","""0000""",광양광영사랑으로부영2차,공동주택,아파트,64,127.7275536,34.9603471
전라남도 광양시 광영동 732번지,주건축물,"""0732""","""0000""",광양광영사랑으로부영2차,공동주택,아파트,64,127.7275536,34.9603471
전라남도 광양시 광양읍 목성리 1008-1번지,주건축물,"""1008""","""0001""",목성아파트,공동주택,아파트,60,127.591784,34.9782663
전라남도 광양시 광양읍 덕례리 1695-1번지,주건축물,"""1695""","""0001""",영신 그린빌,공동주택,아파트,60,127.5727406,34.9629842
전라남도 광양시 중동 1663번지,주건축물,"""1663""","""0000""",금광1차아파트,공동주택,아파트,60,127.6901136,34.9347278
전라남도 광양시 중동 1696-2번지,주건축물,"""1696""","""0002""",진아리채1차아파트,공동주택,아파트,60,127.696507,34.9494108
전라남도 광양시 마동 1019번지,주건축물,"""1019""","""0000""",금광블루빌아파트,공동주택,아파트,60,127.6871123,34.9553998
전라남도 광양시 마동 1019번지,주건축물,"""1019""","""0000""",금광블루빌아파트,공동주택,아파트,60,127.6871123,34.9553998
전라남도 광양시 마동 1019번지,주건축물,"""1019""","""0000""",금광블루빌아파트,공동주택,아파트,60,127.6871123,34.9553998
전라남도 광양시 마동 1019번지,주건축물,"""1019""","""0000""",금광블루빌아파트,공동주택,아파트,60,127.6871123,34.9553998
전라남도 광양시 마동 1019번지,주건축물,"""1019""","""0000""",금광블루빌아파트,공동주택,아파트,60,127.6871123,34.9553998
전라남도 광양시 마동 1019번지,주건축물,"""1019""","""0000""",금광블루빌아파트,공동주택,아파트,60,127.6871123,34.9553998
전라남도 광양시 마동 1019번지,주건축물,"""1019""","""0000""",금광블루빌아파트,공동주택,아파트,60,127.6871123,34.9553998
전라남도 광양시 광양읍 구산리 762-2번지,주건축물,"""0762""","""0002""",매화마을주공아파트,공동주택,아파트,60,127.5789099,34.983559
전라남도 광양시 광양읍 구산리 762-2번지,주건축물,"""0762""","""0002""",매화마을주공아파트,공동주택,아파트,60,127.5789099,34.983559
전라남도 광양시 광양읍 구산리 762-2번지,주건축물,"""0762""","""0002""",매화마을주공아파트,공동주택,아파트,60,127.5789099,34.983559
전라남도 광양시 광양읍 구산리 762-2번지,주건축물,"""0762""","""0002""",매화마을주공아파트,공동주택,아파트,60,127.5789099,34.983559
전라남도 광양시 광양읍 구산리 762-2번지,주건축물,"""0762""","""0002""",매화마을주공아파트,공동주택,아파트,60,127.5789099,34.983559
전라남도 광양시 중동 1416번지,주건축물,"""1416""","""0000""",남양파크아파트,공동주택,아파트,60,127.6897317,34.9431105
전라남도 광양시 중동 1416번지,주건축물,"""1416""","""0000""",남양파크아파트,공동주택,아파트,60,127.6897317,34.9431105
전라남도 광양시 중동 1416번지,주건축물,"""1416""","""0000""",남양파크아파트,공동주택,아파트,60,127.6897317,34.9431105
전라남도 광양시 중동 1590번지,주건축물,"""1590""","""0000""",광양써니밸리아파트,공동주택,아파트,60,127.6875892,34.9509297
전라남도 광양시 태인동 1320-41번지,주건축물,"""1320""","""0041""",태인부영아파트,공동주택,아파트,60,127.7416666,34.9433853
전라남도 광양시 태인동 1320-41번지,주건축물,"""1320""","""0041""",태인부영아파트,공동주택,아파트,60,127.7416666,34.9433853
전라남도 광양시 태인동 1320-41번지,주건축물,"""1320""","""0041""",태인부영아파트,공동주택,아파트,60,127.7416666,34.9433853
전라남도 광양시 광양읍 용강리 892번지,주건축물,"""0892""","""0000""",창덕에버빌1차아파트,공동주택,아파트,60,127.6090073,34.974636
전라남도 광양시 광영동 846번지,주건축물,"""0846""","""0000""",브라운스톤가야아파트,공동주택,아파트,59,127.7124503,34.964441
전라남도 광양시 중동 1597번지,주건축물,"""1597""","""0000""",대광로제비앙1차아파트,공동주택,아파트,59,127.6912106,34.9516061
전라남도 광양시 중동 1597번지,주건축물,"""1597""","""0000""",대광로제비앙1차아파트,공동주택,아파트,59,127.6912106,34.9516061
전라남도 광양시 중동 1597번지,주건축물,"""1597""","""0000""",대광로제비앙1차아파트,공동주택,아파트,59,127.6912106,34.9516061
전라남도 광양시 중동 1597번지,주건축물,"""1597""","""0000""",대광로제비앙1차아파트,공동주택,아파트,59,127.6912106,34.9516061
전라남도 광양시 중동 1597번지,주건축물,"""1597""","""0000""",대광로제비앙1차아파트,공동주택,아파트,58,127.6912106,34.9516061
전라남도 광양시 중동 1597번지,주건축물,"""1597""","""0000""",대광로제비앙1차아파트,공동주택,아파트,58,127.6912106,34.9516061
전라남도 광양시 마동 1295번지,주건축물,"""1295""","""0000""",덕진광양의봄1단지아파트,공동주택,아파트,57,127.7012588,34.9523794
전라남도 광양시 광영동 733-3번지,주건축물,"""0733""","""0003""",광양광영사랑으로부영1차,공동주택,아파트,56,127.7272327,34.9613831
전라남도 광양시 광양읍 용강리 919번지,주건축물,"""0919""","""0000""",남해오네뜨,공동주택,아파트,56,127.6104189,34.9679517
전라남도 광양시 광양읍 용강리 919번지,주건축물,"""0919""","""0000""",남해오네뜨,공동주택,아파트,56,127.6104189,34.9679517
전라남도 광양시 광영동 846번지,주건축물,"""0846""","""0000""",브라운스톤가야아파트,공동주택,아파트,56,127.7124503,34.964441
전라남도 광양시 광양읍 덕례리 1695-1번지,주건축물,"""1695""","""0001""",영신 그린빌,공동주택,아파트,54,127.5727406,34.9629842
전라남도 광양시 중동 1912번지,주건축물,"""1912""","""0000""",진아리채2차아파트,공동주택,아파트,54,127.6871228,34.9382359
전라남도 광양시 광양읍 덕례리 1844번지,주건축물,"""1844""","""0000""",흥한에르가,공동주택,아파트,54,127.5628051,34.969854
전라남도 광양시 금호동 624-13번지,주건축물,"""0624""","""0013""",사랑아파트,공동주택,아파트,54,127.71712,34.934343
전라남도 광양시 금호동 624-13번지,주건축물,"""0624""","""0013""",사랑아파트,공동주택,아파트,54,127.71712,34.934343
전라남도 광양시 중동 1696-2번지,주건축물,"""1696""","""0002""",진아리채1차아파트,공동주택,아파트,53,127.696507,34.9494108
전라남도 광양시 마동 1026번지,주건축물,"""1026""","""0000""",광양마동자연애아파트,공동주택,아파트,53,127.6889754,34.9549448
전라남도 광양시 금호동 624-13번지,주건축물,"""0624""","""0013""",사랑아파트,공동주택,아파트,52,127.71712,34.934343
전라남도 광양시 중동 1734번지,주건축물,"""1734""","""0000""",태완노블리안아파트,공동주택,아파트,51,127.7013556,34.9437977
전라남도 광양시 중동 1294번지,주건축물,"""1294""","""0000""",중마주공1차아파트,공동주택,아파트,50,127.6996931,34.9433879
전라남도 광양시 중동 1321-7번지,주건축물,"""1321""","""0007""",동원스타네옴,공동주택,아파트,50,127.697559,34.9432023
전라남도 광양시 중동 1663번지,주건축물,"""1663""","""0000""",금광1차아파트,공동주택,아파트,50,127.6901136,34.9347278
전라남도 광양시 마동 1298번지,주건축물,"""1298""","""0000""",덕진광양의봄2단지아파트,공동주택,아파트,50,127.7009131,34.9511165
전라남도 광양시 광양읍 목성리 555번지,주건축물,"""0555""","""0000""",광동아파트,공동주택,아파트,50,127.5924886,34.9753209
전라남도 광양시 광양읍 인서리 480번지,주건축물,"""0480""","""0000""",광양부영아파트,공동주택,아파트,50,127.5836805,34.967214
전라남도 광양시 광양읍 칠성리 41번지,주건축물,"""0041""","""0000""",신광맨션고층아파트,공동주택,아파트,50,127.5868225,34.9782856
전라남도 광양시 중동 1294번지,주건축물,"""1294""","""0000""",중마주공1차아파트,공동주택,아파트,50,127.6996931,34.9433879
전라남도 광양시 중동 1294번지,주건축물,"""1294""","""0000""",중마주공1차아파트,공동주택,아파트,50,127.6996931,34.9433879
전라남도 광양시 광영동 775-1번지,주건축물,"""0775""","""0001""",광영주공아파트,공동주택,아파트,50,127.7201116,34.9656308
전라남도 광양시 광영동 775-1번지,주건축물,"""0775""","""0001""",광영주공아파트,공동주택,아파트,50,127.7201116,34.9656308
전라남도 광양시 태인동 1320-41번지,주건축물,"""1320""","""0041""",태인부영아파트,공동주택,아파트,50,127.7416666,34.9433853
전라남도 광양시 광양읍 칠성리 89-5번지,주건축물,"""0089""","""0005""",칠성주공아파트,공동주택,아파트,50,127.5830553,34.9825276
전라남도 광양시 광양읍 칠성리 89-5번지,주건축물,"""0089""","""0005""",칠성주공아파트,공동주택,아파트,50,127.5830553,34.9825276
전라남도 광양시 광양읍 칠성리 89-5번지,주건축물,"""0089""","""0005""",칠성주공아파트,공동주택,아파트,50,127.5830553,34.9825276
전라남도 광양시 광양읍 칠성리 89-5번지,주건축물,"""0089""","""0005""",칠성주공아파트,공동주택,아파트,50,127.5830553,34.9825276
전라남도 광양시 광양읍 칠성리 89-5번지,주건축물,"""0089""","""0005""",칠성주공아파트,공동주택,아파트,50,127.5830553,34.9825276
전라남도 광양시 광양읍 칠성리 89-5번지,주건축물,"""0089""","""0005""",칠성주공아파트,공동주택,아파트,50,127.5830553,34.9825276
전라남도 광양시 광양읍 칠성리 89-5번지,주건축물,"""0089""","""0005""",칠성주공아파트,공동주택,아파트,50,127.5830553,34.9825276
전라남도 광양시 광양읍 칠성리 89-5번지,주건축물,"""0089""","""0005""",칠성주공아파트,공동주택,아파트,50,127.5830553,34.9825276
전라남도 광양시 광양읍 목성리 1008-1번지,주건축물,"""1008""","""0001""",목성아파트,공동주택,아파트,50,127.591784,34.9782663
전라남도 광양시 광양읍 인서리 480번지,주건축물,"""0480""","""0000""",광양부영아파트,공동주택,아파트,50,127.5836805,34.967214
전라남도 광양시 광양읍 인서리 480번지,주건축물,"""0480""","""0000""",광양부영아파트,공동주택,아파트,50,127.5836805,34.967214
전라남도 광양시 중동 1294번지,주건축물,"""1294""","""0000""",중마주공1차아파트,공동주택,아파트,50,127.6996931,34.9433879
전라남도 광양시 중동 1294번지,주건축물,"""1294""","""0000""",중마주공1차아파트,공동주택,아파트,50,127.6996931,34.9433879
전라남도 광양시 중동 1294번지,주건축물,"""1294""","""0000""",중마주공1차아파트,공동주택,아파트,50,127.6996931,34.9433879
전라남도 광양시 광양읍 덕례리 1735-1번지,주건축물,"""1735""","""0001""",덕례오성아파트,공동주택,아파트,49,127.5766328,34.9641697
전라남도 광양시 광양읍 덕례리 1082-1번지,주건축물,"""1082""","""0001""",양지아파트,공동주택,아파트,49,127.5636703,34.9657104
전라남도 광양시 옥곡면 신금리 1366번지,주건축물,"""1366""","""0000""",화진그린맨션,공동주택,아파트,48,127.6997718,34.9908592
전라남도 광양시 마동 1295번지,주건축물,"""1295""","""0000""",덕진광양의봄1단지아파트,공동주택,아파트,48,127.7012588,34.9523794
전라남도 광양시 광영동 755-2번지,주건축물,"""0755""","""0002""",광영현대아파트,공동주택,아파트,48,127.7160594,34.9657476
전라남도 광양시 광영동 755-2번지,주건축물,"""0755""","""0002""",광영현대아파트,공동주택,아파트,48,127.7160594,34.9657476
전라남도 광양시 마동 1054번지,주건축물,"""1054""","""0000""",송보파인빌뷰아파트,공동주택,아파트,48,127.6900523,34.9539289
전라남도 광양시 금호동 826번지,주건축물,"""0826""","""0000""",송죽아파트,공동주택,아파트,47,127.7184496,34.9392681
전라남도 광양시 금호동 826번지,주건축물,"""0826""","""0000""",송죽아파트,공동주택,아파트,47,127.7184496,34.9392681
전라남도 광양시 금호동 624-13번지,주건축물,"""0624""","""0013""",사랑아파트,공동주택,아파트,46,127.71712,34.934343
전라남도 광양시 광양읍 칠성리 528번지,주건축물,"""0528""","""0000""",영진아파트,공동주택,아파트,45,127.582272,34.9728523
전라남도 광양시 광영동 733-3번지,주건축물,"""0733""","""0003""",광양광영사랑으로부영1차,공동주택,아파트,44,127.7272327,34.9613831
전라남도 광양시 광양읍 구산리 762-2번지,주건축물,"""0762""","""0002""",매화마을주공아파트,공동주택,아파트,44,127.5789099,34.983559
전라남도 광양시 광영동 775-2번지,주건축물,"""0775""","""0002""",광영목우아파트,공동주택,아파트,44,127.7205857,34.9646853
전라남도 광양시 중동 1590번지,주건축물,"""1590""","""0000""",광양써니밸리아파트,공동주택,아파트,44,127.6875892,34.9509297
전라남도 광양시 마동 1026번지,주건축물,"""1026""","""0000""",광양마동자연애아파트,공동주택,아파트,42,127.6889754,34.9549448
전라남도 광양시 광양읍 용강리 907번지,주건축물,"""0907""","""0000""",광양송보파인빌7차아파트,공동주택,아파트,42,127.6125244,34.9696532
전라남도 광양시 광양읍 목성리 1008-1번지,주건축물,"""1008""","""0001""",목성아파트,공동주택,아파트,40,127.591784,34.9782663
전라남도 광양시 중동 1356-2번지,주건축물,"""1356""","""0002""",선우아파트,공동주택,아파트,40,127.6922794,34.9410166
전라남도 광양시 마동 1161번지,주건축물,"""1161""","""0000""",중마우림필유아파트,공동주택,아파트,40,127.7083538,34.9399835
전라남도 광양시 마동 1161번지,주건축물,"""1161""","""0000""",중마우림필유아파트,공동주택,아파트,40,127.7083538,34.9399835
전라남도 광양시 광양읍 칠성리 89-5번지,주건축물,"""0089""","""0005""",칠성주공아파트,공동주택,아파트,40,127.5830553,34.9825276
전라남도 광양시 중동 1294번지,주건축물,"""1294""","""0000""",중마주공1차아파트,공동주택,아파트,40,127.6996931,34.9433879
전라남도 광양시 광영동 775-1번지,주건축물,"""0775""","""0001""",광영주공아파트,공동주택,아파트,40,127.7201116,34.9656308
전라남도 광양시 광영동 775-1번지,주건축물,"""0775""","""0001""",광영주공아파트,공동주택,아파트,40,127.7201116,34.9656308
전라남도 광양시 광영동 775-1번지,주건축물,"""0775""","""0001""",광영주공아파트,공동주택,아파트,40,127.7201116,34.9656308
전라남도 광양시 태인동 1320-41번지,주건축물,"""1320""","""0041""",태인부영아파트,공동주택,아파트,40,127.7416666,34.9433853
전라남도 광양시 광양읍 우산리 407-6번지,주건축물,"""0407""","""0006""",동원아파트,공동주택,아파트,40,127.5913395,34.9817535
전라남도 광양시 광양읍 칠성리 89-5번지,주건축물,"""0089""","""0005""",칠성주공아파트,공동주택,아파트,40,127.5830553,34.9825276
전라남도 광양시 광양읍 칠성리 89-5번지,주건축물,"""0089""","""0005""",칠성주공아파트,공동주택,아파트,40,127.5830553,34.9825276
전라남도 광양시 광양읍 칠성리 89-5번지,주건축물,"""0089""","""0005""",칠성주공아파트,공동주택,아파트,40,127.5830553,34.9825276
전라남도 광양시 광양읍 칠성리 89-5번지,주건축물,"""0089""","""0005""",칠성주공아파트,공동주택,아파트,40,127.5830553,34.9825276
전라남도 광양시 광양읍 칠성리 89-5번지,주건축물,"""0089""","""0005""",칠성주공아파트,공동주택,아파트,40,127.5830553,34.9825276
전라남도 광양시 광양읍 칠성리 89-5번지,주건축물,"""0089""","""0005""",칠성주공아파트,공동주택,아파트,40,127.5830553,34.9825276
전라남도 광양시 광양읍 칠성리 89-5번지,주건축물,"""0089""","""0005""",칠성주공아파트,공동주택,아파트,40,127.5830553,34.9825276
전라남도 광양시 광양읍 칠성리 89-5번지,주건축물,"""0089""","""0005""",칠성주공아파트,공동주택,아파트,40,127.5830553,34.9825276
전라남도 광양시 광양읍 칠성리 89-5번지,주건축물,"""0089""","""0005""",칠성주공아파트,공동주택,아파트,40,127.5830553,34.9825276
전라남도 광양시 광양읍 칠성리 89-5번지,주건축물,"""0089""","""0005""",칠성주공아파트,공동주택,아파트,40,127.5830553,34.9825276
전라남도 광양시 광양읍 칠성리 89-5번지,주건축물,"""0089""","""0005""",칠성주공아파트,공동주택,아파트,40,127.5830553,34.9825276
전라남도 광양시 광양읍 칠성리 89-5번지,주건축물,"""0089""","""0005""",칠성주공아파트,공동주택,아파트,40,127.5830553,34.9825276
전라남도 광양시 광양읍 칠성리 89-5번지,주건축물,"""0089""","""0005""",칠성주공아파트,공동주택,아파트,40,127.5830553,34.9825276
전라남도 광양시 광양읍 칠성리 89-5번지,주건축물,"""0089""","""0005""",칠성주공아파트,공동주택,아파트,40,127.5830553,34.9825276
전라남도 광양시 광양읍 칠성리 89-5번지,주건축물,"""0089""","""0005""",칠성주공아파트,공동주택,아파트,40,127.5830553,34.9825276
전라남도 광양시 광양읍 칠성리 89-5번지,주건축물,"""0089""","""0005""",칠성주공아파트,공동주택,아파트,40,127.5830553,34.9825276
전라남도 광양시 광양읍 칠성리 89-5번지,주건축물,"""0089""","""0005""",칠성주공아파트,공동주택,아파트,40,127.5830553,34.9825276
전라남도 광양시 광양읍 칠성리 89-5번지,주건축물,"""0089""","""0005""",칠성주공아파트,공동주택,아파트,40,127.5830553,34.9825276
전라남도 광양시 광양읍 칠성리 89-5번지,주건축물,"""0089""","""0005""",칠성주공아파트,공동주택,아파트,40,127.5830553,34.9825276
전라남도 광양시 광양읍 칠성리 989번지,주건축물,"""0989""","""0000""",칠성주공아파트,공동주택,아파트,40,127.5843556,34.9831541
전라남도 광양시 광양읍 목성리 1008-1번지,주건축물,"""1008""","""0001""",목성아파트,공동주택,아파트,40,127.591784,34.9782663
전라남도 광양시 광양읍 목성리 1008-1번지,주건축물,"""1008""","""0001""",목성아파트,공동주택,아파트,40,127.591784,34.9782663
전라남도 광양시 광양읍 목성리 1008-1번지,주건축물,"""1008""","""0001""",목성아파트,공동주택,아파트,40,127.591784,34.9782663
전라남도 광양시 광양읍 목성리 1008-1번지,주건축물,"""1008""","""0001""",목성아파트,공동주택,아파트,40,127.591784,34.9782663
전라남도 광양시 광양읍 목성리 976-4번지,주건축물,"""0976""","""0004""",목성아파트,공동주택,아파트,40,127.5896587,34.9783764
전라남도 광양시 광양읍 목성리 976-4번지,주건축물,"""0976""","""0004""",목성아파트,공동주택,아파트,40,127.5896587,34.9783764
전라남도 광양시 광양읍 목성리 976-4번지,주건축물,"""0976""","""0004""",목성아파트,공동주택,아파트,40,127.5896587,34.9783764
전라남도 광양시 광양읍 인서리 480번지,주건축물,"""0480""","""0000""",광양부영아파트,공동주택,아파트,40,127.5836805,34.967214
전라남도 광양시 광양읍 인서리 480번지,주건축물,"""0480""","""0000""",광양부영아파트,공동주택,아파트,40,127.5836805,34.967214
전라남도 광양시 광양읍 인서리 481번지,주건축물,"""0481""","""0000""",광양부영아파트,공동주택,아파트,40,127.5846089,34.9676769
전라남도 광양시 광양읍 인서리 481번지,주건축물,"""0481""","""0000""",광양부영아파트,공동주택,아파트,40,127.5846089,34.9676769
전라남도 광양시 광양읍 인서리 481번지,주건축물,"""0481""","""0000""",광양부영아파트,공동주택,아파트,40,127.5846089,34.9676769
전라남도 광양시 광양읍 인서리 481번지,주건축물,"""0481""","""0000""",광양부영아파트,공동주택,아파트,40,127.5846089,34.9676769
전라남도 광양시 광양읍 인서리 481번지,주건축물,"""0481""","""0000""",광양부영아파트,공동주택,아파트,40,127.5846089,34.9676769
전라남도 광양시 광영동 757-2번지,주건축물,"""0757""","""0002""",광영현대1차아파트,공동주택,아파트,40,127.71908,34.9662865
전라남도 광양시 광영동 757-2번지,주건축물,"""0757""","""0002""",광영현대1차아파트,공동주택,아파트,40,127.71908,34.9662865
전라남도 광양시 광영동 757-2번지,주건축물,"""0757""","""0002""",광영현대1차아파트,공동주택,아파트,40,127.71908,34.9662865
전라남도 광양시 광영동 757-2번지,주건축물,"""0757""","""0002""",광영현대1차아파트,공동주택,아파트,40,127.71908,34.9662865
전라남도 광양시 광영동 757-2번지,주건축물,"""0757""","""0002""",광영현대1차아파트,공동주택,아파트,40,127.71908,34.9662865
전라남도 광양시 광영동 757-2번지,주건축물,"""0757""","""0002""",광영현대1차아파트,공동주택,아파트,40,127.71908,34.9662865
전라남도 광양시 광영동 258-3번지,주건축물,"""0258""","""0003""",광영그린파크아파트,공동주택,아파트,40,127.7135561,34.9676528
전라남도 광양시 중동 1294번지,주건축물,"""1294""","""0000""",중마주공1차아파트,공동주택,아파트,40,127.6996931,34.9433879
전라남도 광양시 중동 1294번지,주건축물,"""1294""","""0000""",중마주공1차아파트,공동주택,아파트,40,127.6996931,34.9433879
전라남도 광양시 광영동 313번지,주건축물,"""0313""","""0000""",로데오아파트,공동주택,아파트,40,127.713729,34.9651562
전라남도 광양시 광영동 313번지,주건축물,"""0313""","""0000""",로데오아파트,공동주택,아파트,40,127.713729,34.9651562
전라남도 광양시 광양읍 용강리 919번지,주건축물,"""0919""","""0000""",남해오네뜨,공동주택,아파트,39,127.6104189,34.9679517
전라남도 광양시 마동 1055번지,주건축물,"""1055""","""0000""",광양송보파인빌5차아파트,공동주택,아파트,39,127.6893217,34.9531247
전라남도 광양시 마동 1054번지,주건축물,"""1054""","""0000""",송보파인빌뷰아파트,공동주택,아파트,39,127.6900523,34.9539289
전라남도 광양시 옥곡면 신금리 1876번지,주건축물,"""1876""","""0000""",광양의봄프리미엄2차아파트,공동주택,아파트,38,127.7160134,34.975916
전라남도 광양시 마동 1026번지,주건축물,"""1026""","""0000""",광양마동자연애아파트,공동주택,아파트,37,127.6889754,34.9549448
전라남도 광양시 광양읍 칠성리 520-3번지,주건축물,"""0520""","""0003""",화진그린맨션,공동주택,아파트,36,127.5822668,34.9717254
전라남도 광양시 옥곡면 신금리 1876번지,주건축물,"""1876""","""0000""",광양의봄프리미엄2차아파트,공동주택,아파트,36,127.7160134,34.975916
전라남도 광양시 광양읍 구산리 832-1번지,주건축물,"""0832""","""0001""",덕진광양의봄아파트,공동주택,아파트,35,127.5742148,34.9764752
전라남도 광양시 광양읍 구산리 832-1번지,주건축물,"""0832""","""0001""",덕진광양의봄아파트,공동주택,아파트,34,127.5742148,34.9764752
전라남도 광양시 광양읍 구산리 850-1번지,주건축물,"""0850""","""0001""",칠성e-편한세상아파트,공동주택,아파트,34,127.5754387,34.9748929
전라남도 광양시 광양읍 용강리 907번지,주건축물,"""0907""","""0000""",광양송보파인빌7차아파트,공동주택,아파트,34,127.6125244,34.9696532
전라남도 광양시 광양읍 구산리 832-1번지,주건축물,"""0832""","""0001""",덕진광양의봄아파트,공동주택,아파트,32,127.5742148,34.9764752
전라남도 광양시 광영동 775-2번지,주건축물,"""0775""","""0002""",광영목우아파트,공동주택,아파트,32,127.7205857,34.9646853
전라남도 광양시 광영동 258-3번지,주건축물,"""0258""","""0003""",광영그린파크아파트,공동주택,아파트,32,127.7135561,34.9676528
전라남도 광양시 광영동 258-3번지,주건축물,"""0258""","""0003""",광영그린파크아파트,공동주택,아파트,32,127.7135561,34.9676528
전라남도 광양시 광영동 258-3번지,주건축물,"""0258""","""0003""",광영그린파크아파트,공동주택,아파트,32,127.7135561,34.9676528
전라남도 광양시 광영동 258-3번지,주건축물,"""0258""","""0003""",광영그린파크아파트,공동주택,아파트,32,127.7135561,34.9676528
전라남도 광양시 광영동 258-3번지,주건축물,"""0258""","""0003""",광영그린파크아파트,공동주택,아파트,31,127.7135561,34.9676528
전라남도 광양시 금호동 712번지,주건축물,"""0712""","""0000""",동백아파트,공동주택,아파트,30,127.7310154,34.9363848
전라남도 광양시 금호동 713번지,주건축물,"""0713""","""0000""",동백아파트,공동주택,아파트,30,127.7306732,34.9372765
전라남도 광양시 금호동 713번지,주건축물,"""0713""","""0000""",동백아파트,공동주택,아파트,30,127.7306732,34.9372765
전라남도 광양시 마동 1019번지,주건축물,"""1019""","""0000""",금광블루빌아파트,공동주택,아파트,30,127.6871123,34.9553998
전라남도 광양시 마동 1019번지,주건축물,"""1019""","""0000""",금광블루빌아파트,공동주택,아파트,30,127.6871123,34.9553998
전라남도 광양시 금호동 725번지,주건축물,"""0725""","""0000""",장미아파트,공동주택,아파트,30,127.7332656,34.9412667
전라남도 광양시 금호동 725번지,주건축물,"""0725""","""0000""",장미아파트,공동주택,아파트,30,127.7332656,34.9412667
전라남도 광양시 금호동 725번지,주건축물,"""0725""","""0000""",장미아파트,공동주택,아파트,30,127.7332656,34.9412667
전라남도 광양시 중동 1294번지,주건축물,"""1294""","""0000""",중마주공1차아파트,공동주택,아파트,30,127.6996931,34.9433879
전라남도 광양시 광영동 775-2번지,주건축물,"""0775""","""0002""",광영목우아파트,공동주택,아파트,30,127.7205857,34.9646853
전라남도 광양시 광영동 775-2번지,주건축물,"""0775""","""0002""",광영목우아파트,공동주택,아파트,30,127.7205857,34.9646853
전라남도 광양시 광영동 775-2번지,주건축물,"""0775""","""0002""",광영목우아파트,공동주택,아파트,30,127.7205857,34.9646853
전라남도 광양시 광영동 775-2번지,주건축물,"""0775""","""0002""",광영목우아파트,공동주택,아파트,30,127.7205857,34.9646853
전라남도 광양시 광영동 846번지,주건축물,"""0846""","""0000""",브라운스톤가야아파트,공동주택,아파트,30,127.7124503,34.964441
전라남도 광양시 금호동 712번지,주건축물,"""0712""","""0000""",동백아파트,공동주택,아파트,30,127.7310154,34.9363848
전라남도 광양시 금호동 720번지,주건축물,"""0720""","""0000""",장미아파트,공동주택,아파트,30,127.7342912,34.9389522
전라남도 광양시 금호동 720번지,주건축물,"""0720""","""0000""",장미아파트,공동주택,아파트,30,127.7342912,34.9389522
전라남도 광양시 금호동 724번지,주건축물,"""0724""","""0000""",장미아파트,공동주택,아파트,30,127.7337646,34.9427011
전라남도 광양시 광양읍 우산리 563-1번지,주건축물,"""0563""","""0001""",백운아파트,공동주택,아파트,30,127.590486,34.9815883
전라남도 광양시 광양읍 칠성리 89-5번지,주건축물,"""0089""","""0005""",칠성주공아파트,공동주택,아파트,30,127.5830553,34.9825276
전라남도 광양시 광양읍 칠성리 89-5번지,주건축물,"""0089""","""0005""",칠성주공아파트,공동주택,아파트,30,127.5830553,34.9825276
전라남도 광양시 광양읍 칠성리 89-5번지,주건축물,"""0089""","""0005""",칠성주공아파트,공동주택,아파트,30,127.5830553,34.9825276
전라남도 광양시 광양읍 칠성리 89-5번지,주건축물,"""0089""","""0005""",칠성주공아파트,공동주택,아파트,30,127.5830553,34.9825276
전라남도 광양시 광양읍 칠성리 89-5번지,주건축물,"""0089""","""0005""",칠성주공아파트,공동주택,아파트,30,127.5830553,34.9825276
전라남도 광양시 광양읍 칠성리 89-5번지,주건축물,"""0089""","""0005""",칠성주공아파트,공동주택,아파트,30,127.5830553,34.9825276
전라남도 광양시 광양읍 칠성리 89-5번지,주건축물,"""0089""","""0005""",칠성주공아파트,공동주택,아파트,30,127.5830553,34.9825276
전라남도 광양시 광양읍 칠성리 89-5번지,주건축물,"""0089""","""0005""",칠성주공아파트,공동주택,아파트,30,127.5830553,34.9825276
전라남도 광양시 광양읍 칠성리 89-5번지,주건축물,"""0089""","""0005""",칠성주공아파트,공동주택,아파트,30,127.5830553,34.9825276
전라남도 광양시 광양읍 칠성리 89-5번지,주건축물,"""0089""","""0005""",칠성주공아파트,공동주택,아파트,30,127.5830553,34.9825276
전라남도 광양시 광양읍 칠성리 89-5번지,주건축물,"""0089""","""0005""",칠성주공아파트,공동주택,아파트,30,127.5830553,34.9825276
전라남도 광양시 광양읍 칠성리 89-5번지,주건축물,"""0089""","""0005""",칠성주공아파트,공동주택,아파트,30,127.5830553,34.9825276
전라남도 광양시 광양읍 칠성리 89-5번지,주건축물,"""0089""","""0005""",칠성주공아파트,공동주택,아파트,30,127.5830553,34.9825276
전라남도 광양시 광양읍 목성리 1008-1번지,주건축물,"""1008""","""0001""",목성아파트,공동주택,아파트,30,127.591784,34.9782663
전라남도 광양시 광양읍 목성리 1008-1번지,주건축물,"""1008""","""0001""",목성아파트,공동주택,아파트,30,127.591784,34.9782663
전라남도 광양시 광양읍 목성리 976-4번지,주건축물,"""0976""","""0004""",목성아파트,공동주택,아파트,30,127.5896587,34.9783764
전라남도 광양시 광영동 757-2번지,주건축물,"""0757""","""0002""",광영현대1차아파트,공동주택,아파트,30,127.71908,34.9662865
전라남도 광양시 광영동 757-2번지,주건축물,"""0757""","""0002""",광영현대1차아파트,공동주택,아파트,30,127.71908,34.9662865
전라남도 광양시 광영동 313번지,주건축물,"""0313""","""0000""",로데오아파트,공동주택,아파트,30,127.713729,34.9651562
전라남도 광양시 광영동 313번지,주건축물,"""0313""","""0000""",로데오아파트,공동주택,아파트,30,127.713729,34.9651562
전라남도 광양시 금호동 712번지,주건축물,"""0712""","""0000""",동백아파트,공동주택,아파트,30,127.7310154,34.9363848
전라남도 광양시 금호동 715번지,주건축물,"""0715""","""0000""",동백아파트,공동주택,아파트,30,127.7295412,34.9386262
전라남도 광양시 금호동 715번지,주건축물,"""0715""","""0000""",동백아파트,공동주택,아파트,30,127.7295412,34.9386262
전라남도 광양시 금호동 715번지,주건축물,"""0715""","""0000""",동백아파트,공동주택,아파트,30,127.7295412,34.9386262
전라남도 광양시 금호동 724번지,주건축물,"""0724""","""0000""",장미아파트,공동주택,아파트,30,127.7337646,34.9427011
전라남도 광양시 금호동 724번지,주건축물,"""0724""","""0000""",장미아파트,공동주택,아파트,30,127.7337646,34.9427011
전라남도 광양시 금호동 724번지,주건축물,"""0724""","""0000""",장미아파트,공동주택,아파트,30,127.7337646,34.9427011
전라남도 광양시 금호동 724번지,주건축물,"""0724""","""0000""",장미아파트,공동주택,아파트,30,127.7337646,34.9427011
전라남도 광양시 금호동 724번지,주건축물,"""0724""","""0000""",장미아파트,공동주택,아파트,30,127.7337646,34.9427011
전라남도 광양시 금호동 724번지,주건축물,"""0724""","""0000""",장미아파트,공동주택,아파트,30,127.7337646,34.9427011
전라남도 광양시 금호동 725번지,주건축물,"""0725""","""0000""",장미아파트,공동주택,아파트,30,127.7332656,34.9412667
전라남도 광양시 금호동 725번지,주건축물,"""0725""","""0000""",장미아파트,공동주택,아파트,30,127.7332656,34.9412667
전라남도 광양시 중동 1696-4번지,주건축물,"""1696""","""0004""",우봉카이스트빌아파트,공동주택,아파트,29,127.6964631,34.9464629
전라남도 광양시 금호동 624-7번지,주건축물,"""0624""","""0007""",매화아파트,공동주택,아파트,28,127.7203973,34.9363248
전라남도 광양시 금호동 624-7번지,주건축물,"""0624""","""0007""",매화아파트,공동주택,아파트,28,127.7203973,34.9363248
전라남도 광양시 금호동 624-7번지,주건축물,"""0624""","""0007""",매화아파트,공동주택,아파트,28,127.7203973,34.9363248
전라남도 광양시 금호동 624-7번지,주건축물,"""0624""","""0007""",매화아파트,공동주택,아파트,28,127.7203973,34.9363248
전라남도 광양시 금호동 624-7번지,주건축물,"""0624""","""0007""",매화아파트,공동주택,아파트,28,127.7203973,34.9363248
전라남도 광양시 금호동 624-7번지,주건축물,"""0624""","""0007""",매화아파트,공동주택,아파트,28,127.7203973,34.9363248
전라남도 광양시 금호동 624-7번지,주건축물,"""0624""","""0007""",매화아파트,공동주택,아파트,28,127.7203973,34.9363248
전라남도 광양시 금호동 624-7번지,주건축물,"""0624""","""0007""",매화아파트,공동주택,아파트,28,127.7203973,34.9363248
전라남도 광양시 금호동 825번지,주건축물,"""0825""","""0000""",초원아파트,공동주택,아파트,28,127.7202479,34.9383978
전라남도 광양시 금호동 825번지,주건축물,"""0825""","""0000""",초원아파트,공동주택,아파트,28,127.7202479,34.9383978
전라남도 광양시 금호동 825번지,주건축물,"""0825""","""0000""",초원아파트,공동주택,아파트,28,127.7202479,34.9383978
전라남도 광양시 금호동 825번지,주건축물,"""0825""","""0000""",초원아파트,공동주택,아파트,28,127.7202479,34.9383978
전라남도 광양시 금호동 825번지,주건축물,"""0825""","""0000""",초원아파트,공동주택,아파트,28,127.7202479,34.9383978
전라남도 광양시 금호동 825번지,주건축물,"""0825""","""0000""",초원아파트,공동주택,아파트,28,127.7202479,34.9383978
전라남도 광양시 금호동 825번지,주건축물,"""0825""","""0000""",초원아파트,공동주택,아파트,28,127.7202479,34.9383978
전라남도 광양시 금호동 825번지,주건축물,"""0825""","""0000""",초원아파트,공동주택,아파트,28,127.7202479,34.9383978
전라남도 광양시 금호동 825번지,주건축물,"""0825""","""0000""",초원아파트,공동주택,아파트,28,127.7202479,34.9383978
전라남도 광양시 금호동 825번지,주건축물,"""0825""","""0000""",초원아파트,공동주택,아파트,28,127.7202479,34.9383978
전라남도 광양시 금호동 825번지,주건축물,"""0825""","""0000""",초원아파트,공동주택,아파트,28,127.7202479,34.9383978
전라남도 광양시 금호동 825번지,주건축물,"""0825""","""0000""",초원아파트,공동주택,아파트,28,127.7202479,34.9383978
전라남도 광양시 금호동 624-7번지,주건축물,"""0624""","""0007""",매화아파트,공동주택,아파트,28,127.7203973,34.9363248
전라남도 광양시 금호동 624-7번지,주건축물,"""0624""","""0007""",매화아파트,공동주택,아파트,28,127.7203973,34.9363248
전라남도 광양시 금호동 624-7번지,주건축물,"""0624""","""0007""",매화아파트,공동주택,아파트,28,127.7203973,34.9363248
전라남도 광양시 금호동 624-7번지,주건축물,"""0624""","""0007""",매화아파트,공동주택,아파트,28,127.7203973,34.9363248
전라남도 광양시 금호동 624-7번지,주건축물,"""0624""","""0007""",매화아파트,공동주택,아파트,28,127.7203973,34.9363248
전라남도 광양시 금호동 624-7번지,주건축물,"""0624""","""0007""",매화아파트,공동주택,아파트,28,127.7203973,34.9363248
전라남도 광양시 금호동 624-7번지,주건축물,"""0624""","""0007""",매화아파트,공동주택,아파트,28,127.7203973,34.9363248
전라남도 광양시 금호동 624-7번지,주건축물,"""0624""","""0007""",매화아파트,공동주택,아파트,28,127.7203973,34.9363248
전라남도 광양시 금호동 624-7번지,주건축물,"""0624""","""0007""",매화아파트,공동주택,아파트,28,127.7203973,34.9363248
전라남도 광양시 금호동 624-1번지,주건축물,"""0624""","""0001""",백합아파트,공동주택,아파트,28,127.7230443,34.9336985
전라남도 광양시 금호동 720번지,주건축물,"""0720""","""0000""",장미아파트,공동주택,아파트,28,127.7342912,34.9389522
전라남도 광양시 중동 1696-2번지,주건축물,"""1696""","""0002""",진아리채1차아파트,공동주택,아파트,27,127.696507,34.9494108
전라남도 광양시 마동 1054번지,주건축물,"""1054""","""0000""",송보파인빌뷰아파트,공동주택,아파트,27,127.6900523,34.9539289
전라남도 광양시 금호동 624-1번지,주건축물,"""0624""","""0001""",백합아파트,공동주택,아파트,25,127.7230443,34.9336985
전라남도 광양시 금호동 624-1번지,주건축물,"""0624""","""0001""",백합아파트,공동주택,아파트,25,127.7230443,34.9336985
전라남도 광양시 광영동 258-3번지,주건축물,"""0258""","""0003""",광영그린파크아파트,공동주택,아파트,24,127.7135561,34.9676528
전라남도 광양시 광영동 775-2번지,주건축물,"""0775""","""0002""",광영목우아파트,공동주택,아파트,24,127.7205857,34.9646853
전라남도 광양시 광양읍 칠성리 133번지,주건축물,"""0133""","""0000""",진성아파트,공동주택,아파트,24,127.5830931,34.9772362
전라남도 광양시 광영동 258-3번지,주건축물,"""0258""","""0003""",광영그린파크아파트,공동주택,아파트,24,127.7135561,34.9676528
전라남도 광양시 광영동 258-3번지,주건축물,"""0258""","""0003""",광영그린파크아파트,공동주택,아파트,24,127.7135561,34.9676528
전라남도 광양시 광영동 258-3번지,주건축물,"""0258""","""0003""",광영그린파크아파트,공동주택,아파트,24,127.7135561,34.9676528
전라남도 광양시 금호동 624-7번지,주건축물,"""0624""","""0007""",매화아파트,공동주택,아파트,24,127.7203973,34.9363248
전라남도 광양시 금호동 717번지,주건축물,"""0717""","""0000""",목련연립아파트,공동주택,아파트,23,127.7326751,34.9376956
전라남도 광양시 금호동 624-1번지,주건축물,"""0624""","""0001""",백합아파트,공동주택,아파트,22,127.7230443,34.9336985
전라남도 광양시 금호동 624-1번지,주건축물,"""0624""","""0001""",백합아파트,공동주택,아파트,22,127.7230443,34.9336985
전라남도 광양시 금호동 624-1번지,주건축물,"""0624""","""0001""",백합아파트,공동주택,아파트,22,127.7230443,34.9336985
전라남도 광양시 금호동 624-1번지,주건축물,"""0624""","""0001""",백합아파트,공동주택,아파트,22,127.7230443,34.9336985
전라남도 광양시 금호동 624-1번지,주건축물,"""0624""","""0001""",백합아파트,공동주택,아파트,22,127.7230443,34.9336985
전라남도 광양시 금호동 624-1번지,주건축물,"""0624""","""0001""",백합아파트,공동주택,아파트,22,127.7230443,34.9336985
전라남도 광양시 금호동 717번지,주건축물,"""0717""","""0000""",목련연립아파트,공동주택,아파트,22,127.7326751,34.9376956
전라남도 광양시 금호동 717번지,주건축물,"""0717""","""0000""",목련연립아파트,공동주택,아파트,22,127.7326751,34.9376956
전라남도 광양시 금호동 717번지,주건축물,"""0717""","""0000""",목련연립아파트,공동주택,아파트,22,127.7326751,34.9376956
전라남도 광양시 금호동 717번지,주건축물,"""0717""","""0000""",목련연립아파트,공동주택,아파트,22,127.7326751,34.9376956
전라남도 광양시 금호동 717번지,주건축물,"""0717""","""0000""",목련연립아파트,공동주택,아파트,22,127.7326751,34.9376956
전라남도 광양시 금호동 720번지,주건축물,"""0720""","""0000""",장미아파트,공동주택,아파트,22,127.7342912,34.9389522
전라남도 광양시 광양읍 인서리 147번지,주건축물,"""0147""","""0000""",광양동백아파트,공동주택,아파트,21,127.5860311,34.9701517
전라남도 광양시 금호동 624-1번지,주건축물,"""0624""","""0001""",백합아파트,공동주택,아파트,21,127.7230443,34.9336985
전라남도 광양시 금호동 624-1번지,주건축물,"""0624""","""0001""",백합아파트,공동주택,아파트,21,127.7230443,34.9336985
전라남도 광양시 금호동 624-1번지,주건축물,"""0624""","""0001""",백합아파트,공동주택,아파트,21,127.7230443,34.9336985
전라남도 광양시 금호동 624-1번지,주건축물,"""0624""","""0001""",백합아파트,공동주택,아파트,21,127.7230443,34.9336985
전라남도 광양시 옥곡면 장동리 552-2번지,주건축물,"""0552""","""0002""",옥곡전화국 사원아파트,공동주택,아파트,20,127.7061933,34.9809769
전라남도 광양시 금호동 725번지,주건축물,"""0725""","""0000""",장미아파트,공동주택,아파트,20,127.7332656,34.9412667
전라남도 광양시 광영동 775-1번지,주건축물,"""0775""","""0001""",광영주공아파트,공동주택,아파트,20,127.7201116,34.9656308
전라남도 광양시 금호동 717번지,주건축물,"""0717""","""0000""",목련연립아파트,공동주택,아파트,20,127.7326751,34.9376956
전라남도 광양시 금호동 717번지,주건축물,"""0717""","""0000""",목련연립아파트,공동주택,아파트,20,127.7326751,34.9376956
전라남도 광양시 금호동 720번지,주건축물,"""0720""","""0000""",장미아파트,공동주택,아파트,20,127.7342912,34.9389522
전라남도 광양시 금호동 720번지,주건축물,"""0720""","""0000""",장미아파트,공동주택,아파트,20,127.7342912,34.9389522
전라남도 광양시 금호동 624-1번지,주건축물,"""0624""","""0001""",백합아파트,공동주택,아파트,20,127.7230443,34.9336985
전라남도 광양시 금호동 694번지,주건축물,"""0694""","""0000""",동백아파트,공동주택,아파트,20,127.7283033,34.9388939
전라남도 광양시 금호동 694번지,주건축물,"""0694""","""0000""",동백아파트,공동주택,아파트,20,127.7283033,34.9388939
전라남도 광양시 금호동 694번지,주건축물,"""0694""","""0000""",동백아파트,공동주택,아파트,20,127.7283033,34.9388939
전라남도 광양시 금호동 715번지,주건축물,"""0715""","""0000""",동백아파트,공동주택,아파트,20,127.7295412,34.9386262
전라남도 광양시 금호동 725번지,주건축물,"""0725""","""0000""",장미아파트,공동주택,아파트,20,127.7332656,34.9412667
전라남도 광양시 금호동 725번지,주건축물,"""0725""","""0000""",장미아파트,공동주택,아파트,20,127.7332656,34.9412667
전라남도 광양시 금호동 725번지,주건축물,"""0725""","""0000""",장미아파트,공동주택,아파트,20,127.7332656,34.9412667
전라남도 광양시 금호동 725번지,주건축물,"""0725""","""0000""",장미아파트,공동주택,아파트,20,127.7332656,34.9412667
전라남도 광양시 금호동 725번지,주건축물,"""0725""","""0000""",장미아파트,공동주택,아파트,20,127.7332656,34.9412667
전라남도 광양시 광양읍 덕례리 1670-5번지,주건축물,"""1670""","""0005""",동아그린맨션,공동주택,아파트,19,127.5724131,34.9649122
전라남도 광양시 금호동 717번지,주건축물,"""0717""","""0000""",목련연립아파트,공동주택,아파트,19,127.7326751,34.9376956
전라남도 광양시 금호동 717번지,주건축물,"""0717""","""0000""",목련연립아파트,공동주택,아파트,19,127.7326751,34.9376956
전라남도 광양시 금호동 717번지,주건축물,"""0717""","""0000""",목련연립아파트,공동주택,아파트,19,127.7326751,34.9376956
전라남도 광양시 금호동 717번지,주건축물,"""0717""","""0000""",목련연립아파트,공동주택,아파트,19,127.7326751,34.9376956
전라남도 광양시 금호동 717번지,주건축물,"""0717""","""0000""",목련연립아파트,공동주택,아파트,19,127.7326751,34.9376956
전라남도 광양시 금호동 717번지,주건축물,"""0717""","""0000""",목련연립아파트,공동주택,아파트,19,127.7326751,34.9376956
전라남도 광양시 금호동 717번지,주건축물,"""0717""","""0000""",목련연립아파트,공동주택,아파트,19,127.7326751,34.9376956
전라남도 광양시 금호동 717번지,주건축물,"""0717""","""0000""",목련연립아파트,공동주택,아파트,19,127.7326751,34.9376956
전라남도 광양시 금호동 717번지,주건축물,"""0717""","""0000""",목련연립아파트,공동주택,아파트,19,127.7326751,34.9376956
전라남도 광양시 금호동 717번지,주건축물,"""0717""","""0000""",목련연립아파트,공동주택,아파트,19,127.7326751,34.9376956
전라남도 광양시 금호동 717번지,주건축물,"""0717""","""0000""",목련연립아파트,공동주택,아파트,19,127.7326751,34.9376956
전라남도 광양시 금호동 624-7번지,주건축물,"""0624""","""0007""",매화아파트,공동주택,아파트,18,127.7203973,34.9363248
전라남도 광양시 금호동 624-7번지,주건축물,"""0624""","""0007""",매화아파트,공동주택,아파트,18,127.7203973,34.9363248
전라남도 광양시 금호동 725번지,주건축물,"""0725""","""0000""",장미연립아파트,공동주택,아파트,18,127.7332656,34.9412667
전라남도 광양시 광양읍 칠성리 914-1번지,주건축물,"""0914""","""0001""",우림장미빌라아파트,공동주택,아파트,18,127.5821865,34.9681283
전라남도 광양시 금호동 717번지,주건축물,"""0717""","""0000""",목련연립아파트,공동주택,아파트,18,127.7326751,34.9376956
전라남도 광양시 광양읍 칠성리 133번지,주건축물,"""0133""","""0000""",진성아파트,공동주택,아파트,18,127.5830931,34.9772362
전라남도 광양시 금호동 624-7번지,주건축물,"""0624""","""0007""",매화아파트,공동주택,아파트,18,127.7203973,34.9363248
전라남도 광양시 금호동 624-7번지,주건축물,"""0624""","""0007""",매화아파트,공동주택,아파트,18,127.7203973,34.9363248
전라남도 광양시 금호동 725번지,주건축물,"""0725""","""0000""",장미연립아파트,공동주택,아파트,18,127.7332656,34.9412667
전라남도 광양시 광양읍 우산리 533-1번지,주건축물,"""0533""","""0001""",태양아파트,공동주택,아파트,18,127.5877288,34.9810111
전라남도 광양시 광양읍 인서리 147번지,주건축물,"""0147""","""0000""",광양동백아파트,공동주택,아파트,18,127.5860311,34.9701517
전라남도 광양시 금호동 624-1번지,주건축물,"""0624""","""0001""",백합아파트,공동주택,아파트,18,127.7230443,34.9336985
전라남도 광양시 금호동 624-1번지,주건축물,"""0624""","""0001""",백합아파트,공동주택,아파트,18,127.7230443,34.9336985
전라남도 광양시 금호동 624-1번지,주건축물,"""0624""","""0001""",백합아파트,공동주택,아파트,18,127.7230443,34.9336985
전라남도 광양시 금호동 624-1번지,주건축물,"""0624""","""0001""",백합아파트,공동주택,아파트,18,127.7230443,34.9336985
전라남도 광양시 금호동 624-1번지,주건축물,"""0624""","""0001""",백합아파트,공동주택,아파트,18,127.7230443,34.9336985
전라남도 광양시 금호동 624-1번지,주건축물,"""0624""","""0001""",백합아파트,공동주택,아파트,18,127.7230443,34.9336985
전라남도 광양시 금호동 624-1번지,주건축물,"""0624""","""0001""",백합아파트,공동주택,아파트,18,127.7230443,34.9336985
전라남도 광양시 금호동 624-1번지,주건축물,"""0624""","""0001""",백합아파트,공동주택,아파트,18,127.7230443,34.9336985
전라남도 광양시 금호동 624-1번지,주건축물,"""0624""","""0001""",백합아파트,공동주택,아파트,18,127.7230443,34.9336985
전라남도 광양시 금호동 624-5번지,주건축물,"""0624""","""0005""",백합아파트,공동주택,아파트,18,127.7190632,34.9326978
전라남도 광양시 금호동 624-5번지,주건축물,"""0624""","""0005""",백합아파트,공동주택,아파트,18,127.7190632,34.9326978
전라남도 광양시 금호동 624-5번지,주건축물,"""0624""","""0005""",백합아파트,공동주택,아파트,18,127.7190632,34.9326978
전라남도 광양시 금호동 624-5번지,주건축물,"""0624""","""0005""",백합아파트,공동주택,아파트,18,127.7190632,34.9326978
전라남도 광양시 금호동 717번지,주건축물,"""0717""","""0000""",목련연립아파트,공동주택,아파트,17,127.7326751,34.9376956
전라남도 광양시 금호동 717번지,주건축물,"""0717""","""0000""",목련연립아파트,공동주택,아파트,17,127.7326751,34.9376956
전라남도 광양시 금호동 727번지,주건축물,"""0727""","""0000""",장미연립아파트,공동주택,아파트,16,127.7314126,34.9421461
전라남도 광양시 금호동 727번지,주건축물,"""0727""","""0000""",장미연립아파트,공동주택,아파트,16,127.7314126,34.9421461
전라남도 광양시 금호동 728번지,주건축물,"""0728""","""0000""",장미연립아파트,공동주택,아파트,16,127.7311687,34.9431101
전라남도 광양시 금호동 728번지,주건축물,"""0728""","""0000""",장미연립아파트,공동주택,아파트,16,127.7311687,34.9431101
전라남도 광양시 금호동 728번지,주건축물,"""0728""","""0000""",장미연립아파트,공동주택,아파트,16,127.7311687,34.9431101
전라남도 광양시 금호동 624-1번지,주건축물,"""0624""","""0001""",백합아파트,공동주택,아파트,16,127.7230443,34.9336985
전라남도 광양시 금호동 624-5번지,주건축물,"""0624""","""0005""",백합아파트,공동주택,아파트,16,127.7190632,34.9326978
전라남도 광양시 금호동 624-5번지,주건축물,"""0624""","""0005""",백합아파트,공동주택,아파트,16,127.7190632,34.9326978
전라남도 광양시 금호동 624-5번지,주건축물,"""0624""","""0005""",백합아파트,공동주택,아파트,16,127.7190632,34.9326978
전라남도 광양시 금호동 720번지,주건축물,"""0720""","""0000""",장미아파트,공동주택,아파트,16,127.7342912,34.9389522
전라남도 광양시 금호동 714번지,주건축물,"""0714""","""0000""",동백아파트,공동주택,아파트,15,127.7302989,34.9379247
전라남도 광양시 금호동 714번지,주건축물,"""0714""","""0000""",동백아파트,공동주택,아파트,15,127.7302989,34.9379247
전라남도 광양시 금호동 724번지,주건축물,"""0724""","""0000""",장미아파트,공동주택,아파트,15,127.7337646,34.9427011
전라남도 광양시 광양읍 칠성리 912-4번지,주건축물,"""0912""","""0004""",우림아파트,공동주택,아파트,15,127.5812786,34.9679269
전라남도 광양시 금호동 624-1번지,주건축물,"""0624""","""0001""",백합아파트,공동주택,아파트,15,127.7230443,34.9336985
전라남도 광양시 금호동 624-1번지,주건축물,"""0624""","""0001""",백합아파트,공동주택,아파트,15,127.7230443,34.9336985
전라남도 광양시 금호동 624-1번지,주건축물,"""0624""","""0001""",백합아파트,공동주택,아파트,15,127.7230443,34.9336985
전라남도 광양시 금호동 624-1번지,주건축물,"""0624""","""0001""",백합아파트,공동주택,아파트,15,127.7230443,34.9336985
전라남도 광양시 광양읍 칠성리 896-3번지,주건축물,"""0896""","""0003""",우림중앙아파트,공동주택,아파트,14,127.584516,34.9795758
전라남도 광양시 금호동 725번지,주건축물,"""0725""","""0000""",장미연립아파트,공동주택,아파트,12,127.7332656,34.9412667
전라남도 광양시 금호동 725번지,주건축물,"""0725""","""0000""",장미연립아파트,공동주택,아파트,12,127.7332656,34.9412667
전라남도 광양시 금호동 727번지,주건축물,"""0727""","""0000""",장미연립아파트,공동주택,아파트,12,127.7314126,34.9421461
전라남도 광양시 금호동 717번지,주건축물,"""0717""","""0000""",목련연립아파트,공동주택,아파트,12,127.7326751,34.9376956
전라남도 광양시 금호동 717번지,주건축물,"""0717""","""0000""",목련연립아파트,공동주택,아파트,12,127.7326751,34.9376956
전라남도 광양시 금호동 717번지,주건축물,"""0717""","""0000""",목련연립아파트,공동주택,아파트,12,127.7326751,34.9376956
전라남도 광양시 광양읍 칠성리 899-2번지,주건축물,"""0899""","""0002""",삼보그린맨션아파트,공동주택,아파트,12,127.5836288,34.9795818
전라남도 광양시 금호동 717번지,주건축물,"""0717""","""0000""",목련연립아파트,공동주택,아파트,12,127.7326751,34.9376956
전라남도 광양시 금호동 717번지,주건축물,"""0717""","""0000""",목련연립아파트,공동주택,아파트,12,127.7326751,34.9376956
전라남도 광양시 금호동 624-1번지,주건축물,"""0624""","""0001""",백합아파트,공동주택,아파트,12,127.7230443,34.9336985
전라남도 광양시 금호동 624-1번지,주건축물,"""0624""","""0001""",백합아파트,공동주택,아파트,12,127.7230443,34.9336985
전라남도 광양시 금호동 624-1번지,주건축물,"""0624""","""0001""",백합아파트,공동주택,아파트,12,127.7230443,34.9336985
전라남도 광양시 금호동 624-1번지,주건축물,"""0624""","""0001""",백합아파트,공동주택,아파트,12,127.7230443,34.9336985
전라남도 광양시 금호동 624-1번지,주건축물,"""0624""","""0001""",백합아파트,공동주택,아파트,12,127.7230443,34.9336985
전라남도 광양시 금호동 624-1번지,주건축물,"""0624""","""0001""",백합아파트,공동주택,아파트,12,127.7230443,34.9336985
전라남도 광양시 금호동 624-1번지,주건축물,"""0624""","""0001""",백합아파트,공동주택,아파트,12,127.7230443,34.9336985
전라남도 광양시 금호동 624-1번지,주건축물,"""0624""","""0001""",백합아파트,공동주택,아파트,12,127.7230443,34.9336985
전라남도 광양시 금호동 624-1번지,주건축물,"""0624""","""0001""",백합아파트,공동주택,아파트,12,127.7230443,34.9336985
전라남도 광양시 금호동 624-1번지,주건축물,"""0624""","""0001""",백합아파트,공동주택,아파트,12,127.7230443,34.9336985
전라남도 광양시 금호동 624-1번지,주건축물,"""0624""","""0001""",백합아파트,공동주택,아파트,12,127.7230443,34.9336985
전라남도 광양시 금호동 624-1번지,주건축물,"""0624""","""0001""",백합아파트,공동주택,아파트,12,127.7230443,34.9336985
전라남도 광양시 금호동 624-1번지,주건축물,"""0624""","""0001""",백합아파트,공동주택,아파트,12,127.7230443,34.9336985
전라남도 광양시 금호동 624-1번지,주건축물,"""0624""","""0001""",백합아파트,공동주택,아파트,12,127.7230443,34.9336985
전라남도 광양시 금호동 624-5번지,주건축물,"""0624""","""0005""",백합아파트,공동주택,아파트,12,127.7190632,34.9326978
전라남도 광양시 금호동 717번지,주건축물,"""0717""","""0000""",목련연립아파트,공동주택,아파트,12,127.7326751,34.9376956
전라남도 광양시 금호동 717번지,주건축물,"""0717""","""0000""",목련연립아파트,공동주택,아파트,12,127.7326751,34.9376956
전라남도 광양시 금호동 717번지,주건축물,"""0717""","""0000""",목련연립아파트,공동주택,아파트,12,127.7326751,34.9376956
전라남도 광양시 금호동 717번지,주건축물,"""0717""","""0000""",목련연립아파트,공동주택,아파트,12,127.7326751,34.9376956
전라남도 광양시 금호동 717번지,주건축물,"""0717""","""0000""",목련연립아파트,공동주택,아파트,12,127.7326751,34.9376956
전라남도 광양시 금호동 717번지,주건축물,"""0717""","""0000""",목련연립아파트,공동주택,아파트,12,127.7326751,34.9376956
전라남도 광양시 금호동 717번지,주건축물,"""0717""","""0000""",목련연립아파트,공동주택,아파트,12,127.7326751,34.9376956
전라남도 광양시 금호동 717번지,주건축물,"""0717""","""0000""",목련연립아파트,공동주택,아파트,12,127.7326751,34.9376956
전라남도 광양시 금호동 717번지,주건축물,"""0717""","""0000""",목련연립아파트,공동주택,아파트,12,127.7326751,34.9376956
전라남도 광양시 금호동 717번지,주건축물,"""0717""","""0000""",목련연립아파트,공동주택,아파트,12,127.7326751,34.9376956
전라남도 광양시 금호동 717번지,주건축물,"""0717""","""0000""",목련연립아파트,공동주택,아파트,12,127.7326751,34.9376956
전라남도 광양시 금호동 727번지,주건축물,"""0727""","""0000""",장미연립아파트,공동주택,아파트,10,127.7314126,34.9421461
전라남도 광양시 광양읍 칠성리 894-7번지,주건축물,"""0894""","""0007""",우림아파트,공동주택,아파트,10,127.5844767,34.9808468
전라남도 광양시 광양읍 우산리 406-8번지,주건축물,"""0406""","""0008""",연립주택,공동주택,아파트,9,127.591668,34.9817816
전라남도 광양시 광양읍 우산리 562번지,주건축물,"""0562""","""0000""",시엘2차,공동주택,아파트,8,127.590375,34.9818945
전라남도 광양시 광양읍 우산리 562번지,주건축물,"""0562""","""0000""",시엘2차,공동주택,아파트,8,127.590375,34.9818945
전라남도 광양시 광양읍 구산리 809-10번지,주건축물,"""0809""","""0010""",자연애6차,공동주택,아파트,8,127.5769983,34.9782878
전라남도 광양시 금호동 733번지,주건축물,"""0733""","""0000""",장미연립아파트,공동주택,아파트,4,127.7318914,34.9430486
전라남도 광양시 금호동 739번지,주건축물,"""0739""","""0000""",장미연립아파트,공동주택,아파트,3,127.7321886,34.9425534
전라남도 광양시 금호동 743번지,주건축물,"""0743""","""0000""",장미연립아파트,공동주택,아파트,3,127.7323207,34.9423284
전라남도 광양시 금호동 153-1번지,주건축물,"""0153""","""0001""",,공동주택,아파트,1,127.7319887,34.9434184
전라남도 광양시 중동 1316-5번지,주건축물,"""1316""","""0005""",노블레스시티,공동주택,오피스텔,59,127.6970072,34.9414161
전라남도 광양시 광양읍 덕례리 847번지,주건축물,"""0847""","""0000""",광양스카이뷰,공동주택,오피스텔,52,127.568414,34.9674041
전라남도 광양시 광양읍 칠성리 1010-2번지,주건축물,"""1010""","""0002""",安愛家꿈꾸는집,공동주택,오피스텔,19,127.582151,34.977269
