"카페명","간략소개","공간소개","이용시간","휴무일","시설안내","시설안내","시설안내","시설안내","시설안내","시설안내","시설안내","시설안내","시설안내","시설안내","예약시주의사항","예약시주의사항","예약시주의사항","예약시주의사항","예약시주의사항","예약시주의사항","예약시주의사항","예약시주의사항","예약시주의사항","예약시주의사항","주소","구군","상세주소","승인방법","카페이미지주소","카페유형"
"서울시청년일자리센터","청년 특화공간 서울시 청년일자리센터입니다.  ","※ 서울시청년일자리센터 공간이용 안내입니다.  사회적 거리두기 조치 사항에 따라 음식 섭취 금지 좌석 한 칸 띄우기 단체룸은 50%로 인원 제한하여 운영합니다.  (2인스터디룸 1인 사용 그룹스터디룸 2~4인 사용 가능)   청년 특화공간 서울시 청년일자리센터!  청년 취업을 위한 모든 서비스를 제공합니다.   하고싶은 일도 많고  뜨거운 열정을 불태울 준비도 된 당신 청춘의 한때를 치열하게 고민하며 길을 찾는 청년의 삶에 함께 하기 위해 서울시가 길을 나섰습니다. 취업을 위한 준비 일자리에 관한 정보 새롭게 열리는 사회 진출의 길 그 길을 함께 해줄 선배와 멘토까지 청년의 곁 가장 가까이에서 가장 든든한 조력자가 되려 합니다.   도전과 성장으로 활짝 웃는 청년의 삶 서울시가 함께 합니다.  ※ 서울시 청년일자리센터는 청년들이 취업관련 활동으로 활용하는 공간입니다.      무료 공간은 청년들을 위해서만 개방되어 있습니다.   ※ 주차는 건물 주차장을 유료로 이용가능합니다. 장교빌딩 02-778-4611","공간이용 월~금 09~21시/ 토 09~18시 (구직상담 평일 9~18시 가능)","일요일공휴일","다목적홀 ","세미나룸(20석~25석 규모)","스터디룸 (6인 그룹스터디룸 2인 스터디룸 개인 스터디공간)","공간운영시간 : 월~금 09:00~21:00 토 09:00~18:00 ","☆ 청년일자리센터 스터디룸 이용방법: 서울일자리포털 또는 모바일앱 예약","☆ 일자리카페 프로그램 문의: 731-9570~9","☆ 세미나룸 다목적홀 대관 문의: 731-9571 (확인사항: 연락처 일정 목적 인원 등)","☆ 스터디룸 문의: 731-9571 (매달 20일 이후 평일기준으로 다음달 스케줄 업로드)","☆ 구인 구직 문의: 731-9511","★ 서울고용노동청 및 고용복지플러스센터 1350 2231-0009","취업관련 청년활동(취업스터디면접준비해당주제관련모임)에 한해서만 이용이 가능합니다","예약을 통해서만 이용이 가능합니다. 좋은 공간을 많은 사람들이 공유하자는 취지에서 1팀 최대 3시간 예약 가능합니다.","이용목적을 기재해 주시기 바랍니다. ※ 예시:  인적성 NCS공기업면접00그룹00자격증실기 전공(경영학등)공부 등","이용 목적을 기재하지 않을실 경우 예약 취소가 될 수 있으며 이용목적에 맞지 않을 경우 사용승인 취소될 수 있음을 양해해 주시기 바랍니다. ","음식물 반입 및 섭취 금지입니다.","예약 후 참석하지 않으실 경우 스터디룸 사용이 취소되며 추후 스터디룸 사용에 제한을 받을 수 있으니 꼭 주의 해 주시기 바랍니다","전체 대관 행사가 진행될 경우 예약이 제한 될 수 있으며 행사 진행 시 소음이 발생할수 있으므로 양해 바랍니다.","예약자가 반드시 모임에 참여해야 합니다. (대리 예약 불가)","스터디룸 예약자와 실제 이용자가 동일한지 중간중간 체크하고 있으니 참고 바랍니다","","서울특별시 중구 삼일대로 363","중구","장교빌딩 1층 서울시청년일자리센터","자동승인","http://job.seoul.go.kr/www/common/img.jsp?dir=jobcafe&name=MIN_0559_1.jpg","공공시설"
"성수지앵스수다카페","성수지앵'S 수다카페는 청년을 위한 공간입니다. ","성수지앵'S 수다카페는 커피와 함께 성수동 수제화 장인이 만든 수제화를 관람 및 구매할 수 있는 공간으로 청년을 위해 개방되어 있습니다. 청년을 위한 스터디룸 및 취업 강의도 제공되고 있으니 많은 이용 바랍니다.  "," 9~18시 ","  매주 토 일요일 공휴일","개방된 카페 공간 및 스터디룸 운영 중입니다.","","","","","","","","","","스터디룸은 화 목 금 (13:00~18:00)에만 4인 이하 사용 가능합니다. 한 이용자가 월 4회 이상 신청 시 반려 가능합니다.","카페 공간은 자유롭게 사용 가능합니다.","※프로그램 진행시 실적확인 등 보고자료용 사진촬영이 이루어질 수 있습니다. 신분이 노출되지 않도록 처리 후 사용하오니 양해해 주시기 바랍니다.","향이 강한 음식물 반입은 삼가주세요.","","","","","","","서울특별시 성동구 상원6나길 22- 11","성동구","성동지역경제혁신센터 1층","확인승인","http://job.seoul.go.kr/www/common/img.jsp?dir=jobcafe&name=MIN_1809_1.jpg","일반카페"
"사랑밭청년센터","'함께하는 사랑밭'이란 NGO 단체입니다.  청년들을 위해서 '사랑밭 청년센터'라는 공간을 마련했습니다..","사랑밭 청년센터는 수험생을 비롯한 청년들 누구나 이용 가능한 NGO단체 '함께하는 사랑밭'에서 제공하는 시설입니다.  컴퓨터 및 스터디 공간을 무료로 제공합니다.  또한 좋은 일자리 정보를 실시간 제공하는 등  청춘들의 내일(My job)에 희망을 키우는 활력공간입니다.  사랑밭 청년센터는 이렇게 이용하실 수 있어요.   1. 청년 (만19세~39세)들은 누구나 무료로 예약 또는 이용 하실 수 있습니다.     아쉽게도 무료공간은 청년들을 위해서만 개방이 되어 있습니다.  2. 예약을 통해서만 이용할 수 있습니다.      좋은 공간을 많은 사람들이 공유하자는 취지에서 2시간 단위로 예약 부탁드립니다.  3. 취창업 관련 청년활동 (스터디 면접 준비 해당 주제 관련 모임)에 한해서만 이용이 가능합니다.      (다른 목적으로 이용시 다음 예약 불가 조치)   4. 예약자가 반드시 모임에 참여해야 합니다. (대리 예약 불가)  5. 예약 후 이용 시간은 12:00~18:00까지 가능합니다.","12시 ~ 18시","일요일 공휴일","사랑밭 청년센터는 NGO단체 '함께하는 사랑밭'에서 운영하고 제공하는 청년공간입니다.","스터디룸 소그룹 모임 공간이 있습니다.","무료대관 스터디룸은 사랑방입니다","무료대관 시간은 1부-12:00~15:00/2부-15:00~18:00 두 타임중 시간을 선택하여 주십시오(1시간 단위 예약 불가)","평일 09시~22시","토요일 : 09시~18시","서울시 일자리통합정보시스템 키오스크가 설치되어 있습니다.","","","","1회 2시간 단위 예약 가능합니다. 1부-12:00~15:00 / 2부-15:00~18:00(1시간 이용시 예약할 수 없습니다!!)","예약하신 시간이나 인원 변경 및 예약 취소 할 경우 최소 하루 전까지 알려주세요.","이용 후 자리를 깨끗하게 정리해주세요.","스터디룸 이용시 인원은 3인이상 가능합니다.","","","","","","","서울특별시 동작구 만양로8길 45","동작구","지하층","확인승인","http://job.seoul.go.kr/www/common/img.jsp?dir=jobcafe&name=MIN_2892_1.jpg","스터디카페"
"슈퍼스타트 이대점","슈퍼스타트는 모두의 시작을 응원하는 장소입니다^^","당신의 시작을 응원합니다! 란 슬로건으로 홍대 중심에서 시작한 슈퍼스타트는  새롭게 시작하는 모든 분들이 이용하실 수 있는 편안하고 적합한 공간을 제공하고 있습니다.   다양한 사람들의 공간에 대한 요구사항을 반영하여 이용하기 편안한 공간과 시설을 제공하고 이용 고객에게서 나온 피드백을 다시 슈퍼스타트 공간과 시설에 투자함으로서  고객과 실시간으로 소통하고 발전해 가는 전문공간으로 성장하고 있습니다.   슈퍼스타트는 고객들이 가장 많이 모이는 곳 및 쉽게 접근할 수 있는 곳에 위치하며 해당 위치의 고객성향을 반영하여 획일적인 공간이 아닌 각 매장마다 차별화된 특성을 부여 고객들이 쉽게 접근하고 편안하게 이용할 수 있도록 최선을 다하고 있습니다.   서울시일자리카페로 제공되는 공간은 빔프로젝트가 설치된 대형강의장입니다. 평일 오전 9시부터 정오 12시까지 이용할 수 있습니다."," 9~12시 ","매주 토일요일","이화여자대학교 도보 2분 거리 위치","1인 공간이 있어 1인도 이용가능","부스공간이 있어 폐쇄적인 룸형식 공간을 싫어하는 고객분들이 자주 이용","별도의 취식 공간이 있어 스터디 중에도 식사 가능","넓은 공간을 모티브로 설계하여 공간 이용에 있어서 편리함","","","","","","음식물반입 금지","괴성 또는 큰소음발생 금지","다른 손님들에게 피해가 가는 행동 금지","당일 예약 취소 불가","평일 오전 9시~12시(정오)","예약시간 초과이용시 유료 전환됩니다.","","","","","서울특별시 서대문구 이화여대8길 3","서대문구","연화프라자 지하1층","확인승인","http://job.seoul.go.kr/www/common/img.jsp?dir=jobcafe&name=MIN_0711.jpg","스터디카페"
"루아흐코워킹스페이스","시작하는 다양한 사람들이 모여  공존을 통해 시너지 효과를 발휘할 수 있는   - 강북 최대의 코워킹 스페이스","서울지역 가성비 최고의 공간 - 환산금액 1일 4천원의 유료 멤버십으로 등록할 경우 [스페이스 전좌석 365일 24시간 연중무휴 자유사용 + 제12회의실 월 50시간 사용+카페+oa서비스]의 스펙을 이용할 수 있습니다. :)","365일 24시간 연중무휴","없음","6인 스터디룸(세미나룸)","미니 화이트보드 및 미니빔 프로젝터","창문 있는 아늑한 방","※ 일자리카페를 통한 스터디룸 무료 이용은 예약신청 후 예약완료되셔야 이용하능하십니다. ","(예약 가능일: 월 화 수 10~17시)","","","","","","예약을 통해서 이용 가능합니다. ","청년을 위해 개방된 공간입니다. ","출입카드를 통해서만 출입이 이루어지며 퇴실시 반드시 반납해주셔야 합니다.","이용 후 책상 및 의자 세팅 원상복구 및 발생한 쓰레기는 깨끗이 정리해주세요. ","","","","","","","서울특별시 마포구 큰우물로 76","마포구","고려빌딩 4층 403호 RUACH","확인승인","http://job.seoul.go.kr/www/common/img.jsp?dir=jobcafe&name=MIN_6043_1.jpg","기타"
"비즈액티브 신림 ","비즈액티브는 예비창업자 청년들을 위한 공간입니다","비즈액티브는 전문비즈니스센터로 신림 가산송파광교 4곳의 지점이 있으며  창업자 스타트업 취업준비생 분들이 이용하실수 있는 비즈니스센터공간입니다.   4~5명이 이용하실수 있는 소회의실 12명 정도까지 이용가능한 대회의실로 구성되어있습니다.  서울시 일자리카페 이용을 원하는 청년들을 위해 소회의실과 대회의실을 제공해드리고 있으며  회의실 안에 프리젠테이션이 가능한 TV와 화이트보드 등이 갖추어져있습니다.","수 15~18시 ","매주 월 화 목 금 토 일요일 ","화이트보드 멀티비젼 복합기 팩스 휴게실 등","소회의실(4~5인)/대회의실(~12인)","","","","","","","","","예약자(대표자)는 최소 10분전 방문하여 그룹원 출입 및 이용안내를 해야 합니다.","예약자 미 방문 시 그룹원은 출입하실 수 없습니다.","예약시간 10분까지 미 출입시 자동 취소가 되며 이후 센터이용에 제한이 될 수 있습니다.","회의실 사용은 예약시간부터 사용 가능합니다.","회의실은 깨끗이 사용하고 필요한 사항은 관리실장에게 문의 합니다.","사용 시간을 준수하며 사용후 뒷정리 하셔야합니다.","쓰레기는 후문에서 분리수거 합니다. (화장실 투기 금지)","음료 다과 등은 개별 준비입니다. (제공 서비스 꼭 확인하세요)","OA기기는 관리실장에게 문의합니다.","","서울특별시 관악구 신림로 340","관악구","르네상스복합빌딩 7층","확인승인","http://job.seoul.go.kr/www/common/img.jsp?dir=jobcafe&name=비즈액티브인포.jpg","기타"
"한겨레교육문화센터 신촌","꿈꾸던 미래를 만나는 오늘","세미나 강연 회의 스터디 모임을 위한 대/중/소형 강의실  언론 출판 PR 광고 디자인 글쓰기 창작 영화영상 문화 각 분야 취업을 위한 다양한 교육 프로그램과 학습 정보교류 친목의 공간  복합문화공간 북카페에서 800여권의 다양한 도서와 따끈따끈 최신 트렌드 접할 수 있는 신문 잡지를 보실 수 있습니다  <유의사항: 월요일-목요일 사이에 예약신청을 해 주셔야 담당직원 확인 및 승인이 이루어집니다.  금토일요일 예약신청 시 승인이 이루어지지 않으니 이점 유의하여 주시기 바랍니다. >"," 10~13시 ","매주 토 일요일 공휴일 ","한겨레교육 신촌 5층 세미나실","*필독: 월-목 사이에 예약신청을 해 주셔야 담당직원 확인 및 승인이 이루어집니다. 금토일요일 예약신청 시 승인이 취소됩니다. 이점 유의하여 주시기 바랍니다.","유료 공간과 무료 공간이 나누어져 있습니다. 공간 사용에 유의하여 주십시오.","","","","","","","","스터디룸 이용시간: 최소 1시간~최대 3시간 / 반드시 사전 신청 후 이용","취업 관련 스터디 회의 모임 목적으로만 이용 가능 (영리 목적 이용 불가)","외부음료 반입 불가(센터 내 카페 음료는 반입 가능) / 음식물 반입 섭취는 자제해 주세요","수용가능인원 : 8명 / 기자재 : 콘센트내장테이블 물백묵칠판 멀티탭 대여 가능 PC 없음","예약자가 반드시 모임에 참여해야 합니다. (대리 예약 불가)","1팀에게 배정된 시간이 최대 3시간이므로 팀 내에서 여러 명이 중복 예약 불가합니다","운영시간 : 평일(월-금) 오전 10시~오후 13시 매주 토/일요일/공휴일 휴무","2회이상 노쇼 발생 시 예약 승인이 제한 됩니다.","한겨레교육문화센터 강의 일정으로 인하여 대관공간과 수업이 겹칠 수 있어 예약은 신청일 기준 10일 단위로만 예약가능합니다","","서울특별시 마포구 백범로 18","마포구"," 미화빌딩 5~8층","확인승인","http://job.seoul.go.kr/www/common/img.jsp?dir=jobcafe&name=MIN_6642.jpg","기타"
"동부여성발전센터","청년들의 다양한 활동과 연결을 만들어가는 공간","건대입구역 6번 출구 동부여성발전센터 내 1층에 위치하고 있는 청년들의 다양한 활동과 네트워킹을 지원하고 함께 만들어가는 공간입니다.  청년들의 취창업 활동을 환영합니다. 우리 삶의 문제들을 이야기하고 대안을 찾아가는 활동을 함께하고 싶습니다.  청년들이 함께 사용하는 자율공간이기 때문에 시설을 사용한 후 정리를 꼭 해주세요. 공간 매니저가 상주하고 있을 때에는 지역의 다양한 청년활동에 대해 문의하셔도 좋습니다:)  * 예약 신청 시 반드시 '사용목적'을 작성해주세요. 장기적인 공간 운영에 도움이 됩니다. 사용목적이 미기재 되어있을 경우 승인이 어려움을 양해부탁드립니다. * 코워킹 스페이스 대관은 청년이 주체하거나 청년 관련 의제에 대한 행사일 경우에만 가능합니다. * 서울일자리카페 프로그램 문의는 02-2133-5443(일자리정책담당관) 입니다.  * 금요일 17:00부터 일요일 예약은 자동 취소되므로 예약확인이 되지 않습니다. 평일 시간대로 예약바랍니다. * 무료대관일시 : 평일10~20시 토요일 10~18시(매월 마지막주 토요일 휴관) ","평일 10~20시 토요일 10~18시","일요일 공휴일 마지막주 토요일 휴관","코워킹 스페이스(20명이상) : 회의실과 포토스튜디오를 제외한 공간입니다. 공간예약이 없는 경우 자유롭게 사용할 수 있습니다.","회의실(10인 이하) : 4인 이상 신청 가능. 한 모임당 주1회 회당 3시간까지 이용할 수 있습니다. 그 외 시간은 코워킹 스페이스를 이용해주세요.","포토스튜디오 : 조명이 설치되어 있고 기타 장비는 대여하지 않습니다.","휴식을 취할 수 있는 좌식공간","메이크업룸: 탕비실 겸으로 사용할 수 있습니다. 메이크업 제품은 구비되어 있지 않습니다.","취창업정보 상담 서울시정책 문화 이벤트 등의 소식을 볼 수 있는 전자게시판 키오스크","GiGa 와이파이존","코워킹스페이스 대관시(단체행사시) 빔프로젝터 롤스크린 대여가 가능합니다. *단 6시 이전에만 가능하오니 대관시 참고바랍니다.","","","지나친 소음이나 냄새가 나는 각종 행사 이벤트는 사용이 제한될 수 있습니다","외부음료 반입 불가능 / 음식물 반입 섭취는 자제해 주세요. 특히 향이 강한 음식물 (햄버거 및 컵라면 김밥류 등) 은 반입을 삼가주세요.","일요일 및 법정공휴일 휴무/매월 마지막주 토요일 휴관","공간 사용시 사전예약을 원칙으로 하며 사용일 기준 최소 5일전에 예약해야 합니다.","공간 사용예약시 타 행사 및 대관과 중복될 경우 사용예약승인이 취소될 수 있습니다.","예약신청 시 평일 야간(18시~08시) 주말(토 일/공휴일 포함)에는 예약승인이 되지 않습니다. 예약은 평일 시간대를 이용하시기 바랍니다.","토요일은 오전 9시 ~ 오후6시 카페가 운영되오니 대관신청 시 유의하시기 바랍니다.","공간 사용예약시 '요청사항' 항목에 대관목적을 기재하지 않으시면 사용승인이 불가하오니 유의하시기 바랍니다.","금요일 17:00이후부터 일요일까지의 예약은 자동취소됩니다. 예약 확인이 되지 않아 예약이 불가능하오니 평일 시간대에 예약해주세요.","이용 후 책상 및 의자 세팅 원상복구 및 발생한 쓰레기는 깨끗이 정리해주세요. ","서울특별시 광진구 아차산로30길","광진구","36","확인승인","http://job.seoul.go.kr/www/common/img.jsp?dir=jobcafe&name=MIN_0135.jpg","공공시설"
"슈퍼스타트 홍대점","슈퍼스타트는 모두의 시작을 응원하는 장소입니다^^","공간 소개  당신의 시작을 응원합니다! 란 슬로건으로 홍대 중심에서 시작한 슈퍼스타트는  새롭게 시작하는 모든 분들이 이용하실 수 있는 편안하고 적합한 공간을 제공하고 있습니다.   다양한 사람들의 공간에 대한 요구사항을 반영하여 이용하기 편안한 공간과 시설을 제공하고 이용 고객에게서 나온 피드백을 다시 슈퍼스타트 공간과 시설에 투자함으로서  고객과 실시간으로 소통하고 발전해 가는 전문공간으로 성장하고 있습니다.   슈퍼스타트는 고객들이 가장 많이 모이는 곳 및 쉽게 접근할 수 있는 곳에 위치하며 해당 위치의 고객성향을 반영하여 획일적인 공간이 아닌 각 매장마다 차별화된 특성을 부여 고객들이 쉽게 접근하고 편안하게 이용할 수 있도록 최선을 다하고 있습니다.   서울시일자리카페로 제공되는 공간은 테라스가 바로 보이는 아늑한 4인 공간 스터디룸 입니다. PC/24인치 모니터 시설 보유/ 평일 9시~12시까지 무료로 제공합니다. "," 9~12시 ","  매주 토 일요일 ","★ 새벽시간 스터디룸 예약 요청 자제 부탁드립니다."," 홍대 놀이터 옆에 위치하고 있음","넓은 테라스가 공간이 있어 답답하지 않게 스터디를 할 수 있음","다양한 공간의 룸이 있음","홍대에 젊은 크리에터들이 많이 찾는 스터디룸","주차 3시간 무료","서울시일자리카페 일환으로 스터디룸(4인실)을 평일 9시~12시까지 무료로 제공합니다","★ 새벽시간 스터디룸 예약 요청 자제 부탁드립니다.","","","★ 새벽시간 스터디룸 예약 요청 자제 부탁드립니다.","음식물반입 금지","괴성 또는 큰소음발생 금지","다른 손님들에게 피해가 가는 행동 금지","당일 예약 취소 불가","예약 시간 또는 인원 변경은 예약 시간 3시간 전까지","예약 시간 초과이용시 유료 전환됩니다.","★ 새벽시간 스터디룸 예약 요청 자제 부탁드립니다.","","","서울특별시 마포구 와우산로21길 29","마포구","석전빌딩 4층","확인승인","http://job.seoul.go.kr/www/common/img.jsp?dir=jobcafe&name=MIN_6045.jpg","스터디카페"
"한국외국어대학교","“내일을 위한 든든한 친구” 한국외국어대학교 대학일자리센터입니다.","청년들의 취업성공을 위해 외대생은 물론 지역청년들을 대상으로 진로 및 취업상담 취창업 지원 프로그램 정부청년고용정책 홍보 등 다양한 취창업 지원 서비스를 제공합니다.","평일 09시~17시(방학 중 09시~16시)","주말 및 공휴일"," 일자리카페 키오스크 설치"," 진로 및 취업상담 실시"," 취업 지원 프로그램 운영(http://job.hufs.ac.kr/ 홈페이지 우측 상단 열린청년마당에서 확인 가능)","","","","","","",""," 청년은 누구나 무료로 이용 하실 수 있습니다.  "," 운영시간: 평일 09시~17시(방학 중 09시~16시)"," 센터에 방문하여 취업 관련 자료를 열람하실 수 있습니다.","※ 대학교 일자리카페는 일자리포털을 통하여 별도 공간 예약을 받지 않습니다.","","","","","","","서울특별시 동대문구 이문로 107","동대문구","사이버관 105호","확인승인","http://job.seoul.go.kr/www/common/img.jsp?dir=jobcafe&name=메인이미지_1.jpg","대학교"
"손스스터디카페","청년들이 꿈을 키우는 공간입니다","* 코로나 단계 격상으로 인해 12월 한달간은 스터디룸 무료대관 이용이 어려운 점 양해 부탁드립니다.  노량진 역 맞은편에 위치한 취업준비생 수험생들을 위한 스터디카페입니다.  임용고시 등 공무원 시험일정에 따라 일정기간동안 일자리카페이용이 제한될 수 있음을 안내드립니다.   ※ 일자리카페 무료공간이용시간은 화 목 18:00~22:00입니다.","매일 09:00~22:00","명절","스터디룸 2~6인 이용 가능","","","","","","","","","","청년은 누구나 무료로 예약 또는 이용 하실 수 있습니다. 아쉽게도 무료공간은 청년들을 위해서만 개방이 되어 있습니다.","예약을 통해서만 이용할 수 있습니다.좋은 공간을 많은 사람들이 공유하자는 취지에서 1팀 최대 2시간 까지만 예약 부탁드립니다. ","취창업 관련 청년활동 (스터디 면접 준비 해당 주제 관련 모임)에 한해서만 이용이 가능합니다. ","서울시일자리카페로 제공되는 스터디룸은 홈페이지 예약일정을 확인해주시기 바랍니다.","최소 2주일 전에 예약해 주셔야 하는 점 양해 부탁드립니다.","","","","","","서울특별시 동작구 노량진로 174","동작구","손스스터디카페","확인승인","http://job.seoul.go.kr/www/common/img.jsp?dir=jobcafe&name=손스스터디카페.JPG","공공시설"
"성동구립도서관","청년들의 꿈을 키우는 공간입니다.","지식정보의 보고이자 청년들이 미래를 준비하는 ‘성동구립도서관’에서 청년들의 취업을 위한 맞춤형 프로그램을 제공합니다. 이 곳에서 많은 청년들이 미래를 꿈꾸고 꿈을 실현할 기회를 얻기를 기대합니다.  ★코로나-19 수도권 지역의 연쇄 감염 확산으로 인해 강화된 방역조치 시행을 위한 공공시설 운영 중단이 6/30(화)까지 연장되어 일자리카페 시설(스터디룸) 또한 폐쇄됨을 알려드립니다.★ ","평일 09시~18시","매주 월토일요일 공휴일","일반열람실 132석","","","","","","","","","","청년은 누구나 무료로 이용 하실 수 있습니다. ","★성동구립도서관은 스터디룸(or세미나룸)이 따로 공간분리가 되어 있지 않습니다. ","★도서관 자체 행사 및 프로그램 진행 등 이용공간 부족으로 인해 무료스터디룸 제공하지 못하게 되었습니다.","※ 1:1 취업상담 취업특강 등의 프로그램은 예약을 통해 이용 가능합니다. ","","","","","","","서울특별시 성동구 고산자로10길 9","성동구","성동구립도서관 1층","확인승인","http://job.seoul.go.kr/www/common/img.jsp?dir=jobcafe&name=20170314_162855-2.jpg","도서관"
"한성대학교 일자리카페","한성대 청년들의 꿈 찾기와 성장을 지원하는 공간입니다.","한성대학교 일자리카페는 캠퍼스의 중심 상상관에 있습니다. B1층의 취창업라운지 B2층의 세미나실에서 미팅과 팀플이 가능합니다. 전문상담사를 통한 1:1상담 다양한 역량개발 프로그램을 통해 청년들이 꿈을 찾고 도전하는 과정을 지원하고 있습니다.","평일 09시~21시(방학중 09:00~17:00)","공휴일","09:00~21:00","취창업라운지에 일자리카페 키오스크 설치","취업상담/특강/멘토링 프로그램 운영","","","","","","","","운영시간: 09:00~21:00(방학중 09:00~17:00)","※ 대학교 일자리카페는 일자리포털을 통하여 별도 공간 예약을 받지 않습니다.","","","","","","","","","서울특별시 성북구 삼선교로16길 116","성북구","상상관","확인승인","http://job.seoul.go.kr/www/common/img.jsp?dir=jobcafe&name=메인이미지.jpg","대학교"
"서울혁신파크","시민과 혁신가들이 모이는 공간 미래청 1층 두레생협 옆쪽 일자리카페 키오스크가 설치되어 있습니다. 1:1상담 및 취업 프로그램은 별도의 공간(상상청 건물)에서 이루어집니다. ","미래청 1층 두레생협 옆쪽 일자리카페 키오스크가 설치되어 있습니다. 키오스크를 통해 프로그램 예약신청 채용정보 정책정보를 확인할 수 있습니다.  서울혁신파크 공간은 입주단체들이 주로 사용하는 공간으로 일자리카페 회원은 1:1상담 및 취업프로그램 신청 시에만 이용가능합니다.  일자리카페 프로그램 문의 시 대표번호(02-2133-5443)로 문의 해주세요.","미래청이용시간 : 월~토 06:00~24:00/일자리카페 프로그램 운영시간 별도","일요일 공휴일","미래청 1층 두레생협 옆쪽 일자리카페 키오스크가 설치되어 있습니다. ","키오스크를 통해 프로그램 예약신청 채용정보 정책정보를 확인할 수 있습니다. ","서울혁신파크 공간은 입주단체들이 주로 사용하는 공간으로 일자리카페 회원은 1:1상담 및 취업프로그램 신청 시에만 이용가능합니다. ","일자리카페 사전예약을 통한 별도의 무료대관은 제공하지 않고 있사오니 착오없으시기 바랍니다.","","","","","","","1:1상담 및 취업프로그램 문의는 대표번호(02-731-9570)로 문의주십시오.","","","","","","","","","","서울특별시 은평구 통일로 684","은평구","상상청","확인승인","http://job.seoul.go.kr/www/common/img.jsp?dir=jobcafe&name=메인.jpg","공공시설"
"성공회대학교 일자리카페","성공회대 학생들이 사회진출을 준비하는 공간입니다.","[스터디룸 / 대표번호 / SMS발송 핸드폰번호 / 스터디룸정보 / 준비중] ? 그룹 스터디 ? 세미나 ? 취업 설명회/채용 설명회  ? 기타 교육 장소","학기중-08:30~20:00/방학중-08:30~15:00","공휴일","세미나 및 그룹스터디 가능","최대 20인 수용가능","","","","","","","","","성공회대 재학생 및 졸업생은 누구나 무료로 이용 하실 수 있습니다. ","취창업 관련 청년활동(스터디 면접 준비 해당 주제 관련 모임)에 한해서만 이용이 가능합니다. ","다른 사용자들을 위해 말소리는 작게 해 주세요. ","음식물 반입은 불가합니다.","※ 대학교 일자리카페는 일자리포털을 통하여 별도 공간 예약을 받지 않습니다.","","","","","","서울특별시 구로구 연동로 320","구로구","성공회대학교 새천년관","확인승인","http://job.seoul.go.kr/www/common/img.jsp?dir=jobcafe&name=04.성공회대학교 일자리카페 내부_1.jpg","대학교"
"서경대학교 CLC Zone 1번방","취업을 준비하는 대학생들을 위한 청년 스터디룸 공간입니다.","서경대학교 CLC Zone 1번방은 대학생들의 취업준비 및 스터디활동을 위해 지원되는 공간으로  취업을 준비하는 대학생들에게 무료로 제공되며 청년 취업준비에 도움을 주기 위해 지원하는 공간입니다.  스터디룸 수용인원 : 최대 10명","학기(방학)중:금요일13시~17시(10시~15시)","공휴일 및 주말","학기중 : 금(13:00~17:00)/주말 및 공휴일 휴무","방학중 : 금(10:00~15:00)/주말 및 공휴일 휴무","스터디룸 수용인원 : 최소 8명~최대 10명","스터디룸 부대시설 : wifi 회이트보드","","","","","","","※ 대학교 일자리카페는 일자리포털을 통하여 별도 공간 예약을 받지 않습니다.","","","","","","","","","","서울특별시 성북구 서경로 124","성북구","유담관 L층 CLC Zone 취업지원센터 1번 세미나실","확인승인","http://job.seoul.go.kr/www/common/img.jsp?dir=jobcafe&name=1.jpg","대학교"
"LH남부권주거복지지사","마이홈 같이 편안한 서울시 일자리 카페입니다. 취업 준비도 하고 주거 상담 등 다양한 상담도 받고!","* 코로나 단계 격상으로 인해 12월 한달간은 스터디룸 이용이 어려운 점 양해 부탁드립니다.  선릉역 8번 출구 성원타워 1층에 위치한 주거지원 상담센터입니다. 취업 특강 스터디룸 대여는 물론 다양한 복지 연계 상담프로그램을 무료로 이용하실 수 있습니다.  [LH 주거지원 개인별 윟춤 상담] 월~금 평일 9~18시 [우리은행 주택도시기금 대출 상담] 월 화 13~18시 [법률홈닥터 상담] 수 14~17시 [서울시복지재단 금융복지상담] 수 9:30~17:30 [바야다코리아 간호사 건강상담] 월 14~17시 [한국산업간호협회 간호사 건강상담] 매월 2주 목 13:30~17:30 [강남구치매안심센터 치매검진] 매월 4주 금 14~17시  [서울시일자리카페 청년취업상담] 화 14~17시 금 14~18시 [서울시일자리카페 취업특강 및 멘토링] 매월24주 토 13:30~17:00  * 기관 사정에 따라 서비스 일정이 다소 변경 가능하므로 사전에 마이홈 센터로 서비스 일정 문의 부탁드립니다. * 상담 프로그램은 별도 예약 없이 무료로 진행됩니다. * 마이홈 스터디룸 나눔터는 사전 예약 후 이용 가능하며 예약시 주의사항을 반드시 읽어주세요.","9:00?18:00","주말 법정 공휴일(24주 토 10~17시 운영)","마이홈 카페 마이홈 스터디룸(5개) 나눔터(1개) 주차장(유료) 인쇄(불가) ","[마이홈 카페] 정보검색 PC 2대 정수기 혈압측정계 창가 스탠드형 좌석 개인 노트북 전원 이용 가능 운영시간 내 상시 개방(예약 불필요)","[마이홈 스터디룸1] 정보검색 PC 1대 1~5명 수용 가능 매주 월~금(9~12시)","[마이홈 스터디룸2] 정보검색 PC 1대 1~5명 수용 가능 매주 월~금(9~12시)","[마이홈 스터디룸3] 1~5명 수용 가능 취업특강일정에 맞춰 개방 예정","[마이홈 스터디룸4] 1~5명 수용 가능 취업특강일정에 맞춰 개방 예정","[마이홈 스터디룸5] 1~5명 수용 가능 취업특강일정에 맞춰 개방 예정","※ 4월 임시휴관으로 인해 대관 미진행중입니다. 향후 사회적 거리두기 캠페인 진행여부에 따라 대관여부를 추후결정하도록 하겠습니다","","","음료 외 음식물은 반입 불가합니다.","이용 후 뒷정리 부탁드립니다. ","마이홈 나눔터는 특강 스터디룸 등으로 활용하실 수 있는 강의장입니다. 다른 일정으로 이용 희망시 전화문의 바랍니다.","평일 9시~18시까지 이용가능합니다. (주말 법정 공휴일 휴무이나 매월24주 토요일은 10~17시 운영)","청년은 누구나 무료로 예약 또는 이용하실 수 있습니다. 스터디룸과 나눔터는 청년들을 위해서만 개방이 되어 있습니다.","취창업 관련 청년 활동(스터디 면접 준비 해당 주제관련 모임)에 한해서만 이용이 가능합니다. ","센터 자체 복지 연계 프로그램 외 일자리카페 프로그램(취업 특강 등)은 서울일자리 포털 회원가입 및 예약 후 참여가능합니다. ","이용 후 책상 및 의자 세팅 원상복구 및 발생한 쓰레기는 깨끗이 정리해주세요. ","※ 또한 스터디룸 예약 신청 후 (노쇼발생 등 미사용 시) 해당 대관자의 차후 사용이 제한될 수 있습니다.","","서울특별시 강남구 선릉로 514","강남구","성원빌딩 1층","확인승인","http://job.seoul.go.kr/www/common/img.jsp?dir=jobcafe&name=마이홈 홀사진.jpg","공공시설"
"해커스어학원 강남역캠퍼스","대한민국 청년들의 취업 준비를 지원하는 공간 ","해커스 취업아카데미는 대한민국 청년들의 취업 준비를 지원하는 공간입니다. 든든한 취업준비 공간 해커스가 여러분들의 꿈을 응원합니다.  다양한 스터디와 취업 준비를 지원하는 해커스 취업아카데미는 공부하기 적합한 스터디 카페이며 발빠른 취업 정보 제공과 취업 특강 등 취업 지원 프로그램도 운영합니다.","평일 09시~22시 / 주말?공휴일 09시~18시","매주 화 목 이용불가 (그 외 공휴일)","※2020년부터 무료 스터디룸의 별도 공간을 제공하고 있지 않습니다. 양해바랍니다.","","","","","","","","","","※2020년부터 무료 스터디룸의 별도 공간을 제공하고 있지 않습니다. 양해바랍니다.","","","","","","","","","","서울특별시 서초구 강남대로61길 25","서초구","해커스 취업아카데미 평생교육원","확인승인","http://job.seoul.go.kr/www/common/img.jsp?dir=jobcafe&name=무제-12.png","기타"
"청춘삘딩","청년들의 꿈을 키우는 공간입니다.","청년들이 자유롭게 이용 가능하며 여러 가지 정보를 공유할 수 있는 공간입니다.","매주 월요일~토요일(10:00?22:00)","일요일 공휴일","세미나룸 6-8명 수용 가능","","","","","","","","","","※※ 예약 전 링크를 통해 대관 일정을 꼭 확인해주세요 https://c11.kr/7vj8 ※※","취업관련 청년활동(취업스터디면접준비해당주제관련모임)에 한해서만 이용이 가능합니다.","예약 시 이용목적을 기재해 주시기 바랍니다. ※ 예시: 인적성 NCS공기업면접00그룹00자격증실기 전공(경영학등)공부 등/ 스터디라고만 기재하시면 확인이 어렵습니다)","예약 후 참석하지 않으실 경우 스터디룸 사용이 취소되며 추후 스터디룸 사용에 제한을 받을 수 있으니 꼭 주의 해 주시기 바랍니다.","","","","","","","서울특별시 금천구 시흥대로138길 10-11","금천구","청춘삘딩","확인승인","http://job.seoul.go.kr/www/common/img.jsp?dir=jobcafe&name=1-2.jpg","공공시설"
"청년공간이음","“청년들을 위한 무료 문화복합공간”","* 코로나 단계 격상으로 인해 12월 한달간은 스터디룸 이용이 어려운 점 양해 부탁드립니다.  관악구 봉천동 지역 1인가구 청년들에게 집과 같이 편한 곳 낯선 이들이 만나 함께하며 미래로 나갈 수 있는 힘을 줄 수 있도록 돕는 무료공간임 ?","평일 10시~22시 토요일 10시~18시","공휴일 일요일","스터디룸/최대 12인 수용가능","? 스터디룸명","? 스터디룸 유형 : 세미나실 회의실","? 무료개방일시 : 수요일 시간 10~17시 (1팀당 2시간 단위 예약가능)","? 스터디룸 수용인원 : 최소4명~최대12명","? 스터디룸 부대시설 : wifi 화이트보드 ","? 스터디룸 간략 소개 : 최대 12명 사용가능","","","","[권장사항] ","청년은 누구나 무료로 예약 또는 이용 하실 수 있습니다. 아쉽게도 무료공간은 청년들을 위해서만 개방이 되어 있습니다.","예약을 통해서만 이용할 수 있습니다. ","좋은 공간을 많은 사람들이 공유하자는 취지에서 1팀 최대 2시간 까지만 예약 부탁드립니다. ","2시간 무료이용시간 초과시 유료전환되오니 유의하시기 바랍니다.","취창업 관련 청년활동 (스터디 면접 준비 해당 주제 관련 모임)에 한해서만 이용이 가능합니다. ","서울시일자리카페로 제공되는 스터디룸은 홈페이지 예약일정을 확인해주시기 바랍니다.","","","","서울특별시 관악구 봉천로62길 5","관악구","4층 청년공간 이음","확인승인","http://job.seoul.go.kr/www/common/img.jsp?dir=jobcafe&name=20160503_121427.jpg","기타"
"성균관대학교 일자리카페","서울시 일자리정책과 취업 정보들을 홍보하는 공간입니다.","서울시 일자리정책과 취업 정보들을 홍보하는 공간입니다.","평일 9:00 ~ 17:00","토일 법정 공휴일","※ 대학교 일자리카페는 일자리포털을 통하여 별도 공간 예약을 받지 않습니다.","","","","","","","","","","※ 대학교 일자리카페는 일자리포털을 통하여 별도 공간 예약을 받지 않습니다.","","","","","","","","","","서울특별시 종로구 성균관로 25- 2","종로구","성균관대학교 경영관 1층","확인승인","http://job.seoul.go.kr/www/common/img.jsp?dir=jobcafe&name=성균관대_메인image.jpg","대학교"
"동대문도서관","동대문구 청년들의 실질적인 취업경쟁력 강화를 위한 카페","청년들의 다양한 활동과 네트워킹을 지원하고 함께 만들어 가는 공간 공간예약은 2월 10일부터 가능합니다. ","동절기:평일 8~23(주말8시~22시)","공휴일 (정기휴관일 둘째 넷째 수요일)","동대문구 청년들의 실질적인 취업경쟁력 강화를 위한 카페입니다. ","","","","","","","","","","공간 사용 예약 시 요청사항 항목에 대관목적과 상세내용을 기재하지 않으면 사용승인이 불가능하오니 유의하시기 바랍니다.","공간 사용예약 시 타 행사 및 대관과 중복될 경우 사용예약 승인이   취소 될 수 있습니다.","공간 사용 시 사전예약을 원칙으로 하며 사용일 기준 최소 7일 이전에   예약해야 합니다","공간 예약은 평일 오전9시~오후6시 이내 신청이 가능하며 (평일 야간(18시~08시) 주말(토일/공휴일포함)에는 예약승인 불가)","취?창업 관련 청년활동 (스터디 면접 준비 해당 주제 관련 모임)에 한해서만 이용이 가능합니다. "," 서울시일자리카페로 제공되는 스터디룸은 홈페이지 예약일정을  확인해주시기 바랍니다. ","","","","","서울특별시 동대문구 천호대로4길 22","동대문구","11","확인승인","http://job.seoul.go.kr/www/common/img.jsp?dir=jobcafe&name=메인이미지.JPG","도서관"
"랭스터디카페건대점","청년들의 꿈을 응원하는 공간입니다^^","광진구에서는 ‘취업특강 취업멘토링 스터디룸 무료 대여’ 등 청년들이 편리하게 취업 지원 서비스를 받을 수 있는 일자리카페를 운영하고 있습니다.  ","월 화 수 목 금 10시~15시","토 일 공휴일","서울시일자리카페입니다.","랭스스터디카페는 '조용한' 스터디 카페입니다.","★ 사회적 거리두기 방침에 따라 당분간 스터디룸 이용인원을 최대 6인->3인으로 변경하여 운영합니다.  3인 초과 예약시 확인승인이 되지 않으니 양해바랍니다.","","","","","","","","청년은 누구나 무료로 예약 또는 이용 하실 수 있습니다. 아쉽게도 무료공간은 청년들을 위해서만 개방이 되어 있습니다.","예약을 통해서만 이용할 수 있으며 신청 하시면 '최종승인(랭스터디카페)' 확인 후 이용 가능합니다.","좋은 공간을 많은 사람들이 공유하자는 취지에서 1팀 2시간 단위(최대시간 2시간)로 예약 부탁드립니다.","취창업 관련 청년활동 (스터디 면접 준비 해당 주제 관련모임)에 한해서만 이용이 가능합니다. ","예약 시 이용목적을 기재해 주시시기 바랍니다. ","서울시일자리카페로 제공되는 스터디룸은 홈페이지 예약일정을확인해주시기 바랍니다","이용 후 책상 및 의자 세팅 원상복구 및 발생한 쓰레기는 깨끗이 정리해주세요. ","스터디룸 이용시 소음이 발생하지 않도록 주의해주세요.","","","서울특별시 광진구 아차산로34길 26","광진구","2층","확인승인","http://job.seoul.go.kr/www/common/img.jsp?dir=jobcafe&name=KakaoTalk_20170325_183453293.jpg","스터디카페"
"숙명여자대학교","청년들의 취업에 도움을 주는 공간입니다.","숙명여자대학교 일자리카페 키오스크 입니다.","평일 9시~21시","공휴일","일자리카페 키오스크 설치","","","","","","","","","","※ 대학교 일자리카페는 일자리포털을 통하여 별도 공간 예약을 받지 않습니다.","","","","","","","","","","서울특별시 용산구 청파로47길 100","용산구","숙명여자대학교","확인승인","http://job.seoul.go.kr/www/common/img.jsp?dir=jobcafe&name=sp1_2.jpg","대학교"
"국민대학교 Dream Job","국민대학교 경력개발지원단 잡카페(Dream Job)","국민대학교 경력개발지원단에서 운영하는 잡카페로 진로를 고민하고 취업을 준비하는 국민대학교 학생들이 편안한 분위기에서 자신의 적성과 관심분야에 맞는 직업을 탐색하고 준비할 수 있도록 지원하는 공간입니다.","평일 09시~17시","주말 및 공휴일","세미나실 및 취업(진로)상담실","일자리카페 키오스크 설치 및 운영","","","","","","","","","※ 대학교 일자리카페는 일자리포털을 통하여 별도 공간 예약을 받지 않습니다.","","","","","","","","","","서울특별시 성북구 정릉로 77","성북구","국민대학교 종합복지관 지하1층 잡카페","확인승인","http://job.seoul.go.kr/www/common/img.jsp?dir=jobcafe&name=[붙임1]메인이미지(국민대학교).png","대학교"
"양천 창업디딤누리","양천구 내 예비 창업자와 창업자들을 위한 장소를 무료로 제공하고 있습니다. ","양천구 파리공원 옆에 위치한 사회적경제지원센터. 3층 창업디딤누리의 다양하고 편리한 시설을 소개드립니다!  *현재 정부의 사회적 거리두기 방역 지침으로 인해 각 실의 인원이 제한 되오니 예약 전 전화 문의 부탁 드립니다.*  ○창업 디딤누리 홀 -누구나 자유롭게 사용할 수 있는 공간입니다. -편안한 분위기에서 스터디 개인 작업 등의 이용 가능합니다.  ○ 4~10인실까지의 회의실 - 창업을 준비 중 혹은 창업을 했다면 누구나 이용하실 수 있는 회의실로 멤버십 가입 후 이용 가능합니다.(무료) -세미나실1(최대 5명) 세미나실2 (최대 2~3명) 미팅룸1 (최대 2명)  ○ 미디어편집실 - 영상편집할 장비가 필요하다면 어도비 프로그램이 설치되어 있고 더블 모니터의 넉넉한 화면으로 작업이 가능한 편집실이 준비되어 있습니다.(무료)  ○ 제품촬영스튜디오 - 작은 제품을 촬영해야 한다면 여러가지의 배경색 조명 반사판 카메라 대여까지 가능한 창업디딤누리 스튜디오를 이용해보세요. (무료)  ○크리에이터실(영상촬영실) - 전자칠판 조명 마이크 실시간스트리밍장비 모니터 등을 통해 영상 콘텐츠를 제작할 수 있는 공간입니다. -스트리밍 녹화 편집 모두 가능합니다! (무료) ","평일 9:00~18:00","주말 공휴일","세미나실1 : 최대 10명 (코로나로 인해 최대 5명)","세미나실3 : 최대 4명 (코로나로 인해 최대 2~3명)","미팅룸1 : 최대 3명 (코로나로 인해 최대 2명)","미디어편집실: 어도비 프로그램(포토샵 일러스트레이터 프리미어 애프터이팩트 등)이 설치되어 있어 영상 디자인 편집  등의 작업을 할 수 있는 공간"," 제품촬영스튜디오: 작은 제품들을 촬영할 수 있는 소형 제품 전용 촬영 스튜디오","크리에이터실; 강의영상 유튜브콘텐츠 녹화와 실시간 스트리밍이 가능한 공간","","","","","이용자의 과실로 기관의 물품(카메라 컴퓨터 등)이 파손될 경우 이에 대한 손해 배상을 청구할 수 있습니다.","회의실 제품촬영스튜디오 영상편집실 예약은 최소 3일전에 스페이스클라우드를 통해 가능하며 당일 혹은 하루 전 예약은 전화문의를 통한 예약만 가능합니다.","회의실은 창업준비중이시거나 기창업자들을 대상으로 대관해드립니다","예약 관련해서 기타 문의사항이 있으실 경우 전화문의하시면 보다 원활한 상담이 가능합니다.","회의실 제품촬영스튜디오 영상편집실 예약 후 당일 노쇼 시 다음 예약에 불이익이 있을 수 있습니다.","이용 후 사용한 물품 반납 사용하신 공간 정리는 필수!입니다.","세미나실은 기본 2시간 대관 다음 타임 예약이 없을 경우 연장 가능","미디어 편집실은 1인당 1일권 단위로 예약하실 수 있습니다.(1대보유)","","","서울특별시 양천구 목동동로 375","양천구","사회적경제지원센터 3층 창업디딤누리","확인승인","http://job.seoul.go.kr/www/common/img.jsp?dir=jobcafe&name=창업디딤누리 (2)_1.jpg","공공시설"
"서일대학교 Job카페","학생들의 열정과 땀이 묻어있는 카페입니다.","젊은 도전 새로운 비전 서일대학교의 Job카페입니다. 학생들의 열정과 땀이 묻어있는 공간입니다.  -스터디룸 유형 : 다용도(스터디룸 회의실) -스터디룸 S2 : 4인 이상~ 6인 이하 -스터디룸 S3 : 4인 이상~ 7인 이하 -스터디룸 S4 : 4인 이상~ 12인 이하               -스터디룸 S5 : 4인 이상~ 6인 이하               -스터디룸 S6 : 3인 이상~ 5인 이하               -스터디룸 S7 : 4인 이상~ 12인 이하                            ","학기중 : 09시~22시/방학 중 : 10시~17시","토요일 공휴일 개교기념일(6월10일)","개방일 : 주중(공휴일 개교기념일 제외)","스터디룸 부대시설 : 화이트보드(스터디룸 S2  제외)","","","","","","","","","청년은 누구나 무료로 예약 또는 이용 하실 수 있습니다. ","좋은 공간을 많은 사람들이 공유하자는 취지에서 1팀 최대 4시간 까지만 사용 부탁드립니다.","취창업 관련 청년활동 (스터디 면접 준비 해당 주제 관련 모임)에 한해서만 이용이 가능합니다.","※ 대학교 일자리카페는 일자리포털을 통하여 별도 공간 예약을 받지 않습니다.","","","","","","","서울특별시 중랑구 용마산로90길 28","중랑구","도서관 1층  Job카페","확인승인","http://job.seoul.go.kr/www/common/img.jsp?dir=jobcafe&name=01. Job카페 출입문.jpg","대학교"
"명지대학교 MJ대학일자리센터","서대문구 남가좌동 명지대학교 내에 위치한 청년고용허브센터& 일자리카페 일자리카페 키오스크 설치 취업상담/특강/멘토링 프로그램 운영","키오스크를 통해 다양한 정보를 습득할 수 있으며 일자리카페 내 다양한 책자와 서비스를 이용할 수 있음(전화로 사전예약 필요)","평일09~18시(방학 09~17시)","공휴일 개교기념일","회의실1/최대 10인 수용가능","상담실1~4/최대 3~4명 수용가능","테이블1~4/3~10명 수용가능","취업지원실-명지대학교","※ 대학교 일자리카페는 일자리포털을 통하여 별도 공간 예약을 받지 않습니다.","","","","","","1. 만 18~34세 청년은 누구나 무료로 예약 또는 이용 하실 수 있습니다.  ","2. 운영시간: 09:00~18:00(방학기간 09:00~17:00)","3. 상담예약: 워크넷(work.go.kr)-청년-우리대학","","","","","","","","서울특별시 서대문구 거북골로 34","서대문구","행정동 1층 S5112","확인승인","http://job.seoul.go.kr/www/common/img.jsp?dir=jobcafe&name=첨부1.jpg","대학교"
"중랑여성인력개발센터","스터디룸 운영 중단[7월 8월] 중랑 청년들의 취업지원을 위한 공간입니다.  문자상담문의(평일9시~18시) : 010-2353-2773","중랑구 상봉동 동부시장내에 위치하고 있으며 취업지원을 위한 상담실 및 스터디 진행이 가능한 시설을 갖추고 있습니다.  ★★★※센터 방문하여 구직신청서 작성하시면 무료 취업관련 도서 수령가능합니다. 방문일자를 말씀주시면 예약해드리겠습니다. 도서명:채용담당자가 공개하는 취업면접 합격기술 설민준 저 출판사:시대고시기획 ※지급도서는 변동될수있음 ※중복지급 제외 선착순마감 ※방문시 신분증 지참 필수","평일 09시~21시(일자리카페를 이용하시기 전에 3층 사무실에서 인원수대로 일자리카페 이용대장을 꼭 작성하여 주시기 바랍니다.)","토 일요일 법정공휴일","스터디룸(303호)/최대 1~4인 수용가능 ","스터디룸(502호)/최대 1~10인 수용가능 ","상담실Ⅰ/최대 1~2인 수용가능 ","상담실Ⅱ/최대 1~2인 수용가능 ","무료 대관 일시 : 303호 502호 월~금 09:00~21:00 / 상담실1&2 월~금 19:00~21:00","","","","","","청년은 누구나 무료로 예약 또는 이용 하실 수 있습니다. 아쉽게도 무료공간은 청년들을 위해서만 개방이 되어 있습니다.","예약을 통해서만 이용할 수 있습니다. 좋은 공간을 많은 사람들이 공유하자는 취지에서 1팀 최대 3시간 까지만 예약 부탁드립니다. ","취창업 관련 청년활동 (스터디 면접 준비 해당 주제 관련 모임)에 한해서만 이용이 가능합니다. ","예약시 이용 목적을 기재해 주시기 바랍니다 (ex. ncs스터디면접준비 00기업 필기준비 등)","서울시일자리카페로 제공되는 스터디룸은 홈페이지 예약일정을 확인해주시기 바랍니다.","일자리카페를 이용하시기 전에 3층 사무실에서 인원수대로 일자리카페 이용대장을 꼭 작성하여 주시기 바랍니다.","★이용대장 3회 이상 미기입시 이용이 불가합니다.","수강생의 안전과 지역사회 코로나19감염 전파 방지를 위하여 수업전 반드시 마스크를 착용해주세요.","★반드시 3층로비에서 손 소독 및 발열체크 후 체온을 자필로 발열체크리스트에 기입해주셔야 참여가 가능합니다!","강의실 내에서 물과 음료 외 식품은 섭취 금지입니다.","서울특별시 중랑구 망우로32길 20","중랑구","3층 중랑여성인력개발센터","확인승인","http://job.seoul.go.kr/www/common/img.jsp?dir=jobcafe&name=IMG_0869.JPG","공공시설"
"곰달래문화복지센터","곰달래문화복지센터 (곰달래도서관)에서 청년들의 취업준비에 필요한 공간을 제공합니다. ","○ 곰달래문화복지센터 5층 북카페에 위치하고 있습니다. ○ 월요일이 휴무일이라 예약승인에 어려움이 있습니다.     월요일을 제외한 다른 요일에 예약 부탁드립니다.","화~일 09:00~20:00(*매주 화요일 오후1시~5시는 취업상담 운영으로 제외)","매주 월요일 및 국가공휴일","5층 북카페 이용(8명 내외)","무료개방일시: 화~일 09:00~20:00(*매주 화요일 오후1시~5시는 취업상담 운영으로 제외)","스터디룸수용인원: 최소 4명~최대 8명","스터디룸 부대시설 : wifi 등","곰달래문화복지센터 공간 특성상 작은 소리로 소통하여야 함","","","","","","취?창업 관련 청년활동 (스터디 면접 준비)에 한해서만 이용이 가능합니다. ","공간 사용 시 사전예약을 원칙으로 하며 사용일 기준 최소 7일 이전에 예약해야 합니다.","도서관 공간 특성상 작은 소리로 소통하여야 하는 제한이 있습니다.","서울시일자리카페로 제공되는 스터디룸은 홈페이지 예약일정을 확인해주시기 바랍니다.","이용 후 책상 및 의자 세팅 원상복구 및 발생한 쓰레기는 깨끗이 정리해주세요. (음식물 섭취 불가)","스터디룸 예약 신청 후 (노쇼발생 등 미사용 시) 해당 대관자의 차후 사용이 제한될 수 있습니다","★월요일이 휴무일이라 예약승인에 어려움이 있습니다. 월요일을 제외한 다른 요일에 예약 부탁드립니다.","","","","서울특별시 강서구 강서로5길 50","강서구","곰달래문화복지센터 5 6층","확인승인","http://job.seoul.go.kr/www/common/img.jsp?dir=jobcafe&name=(곰달래문화복지센터)_메인이미지(사이즈조정)_200217(필터).bmp","도서관"
"구로청년공간 청년이룸","청년들이 내일을 위해 상상하고 나누고 배우는  청년 일자리 문화공간입니다.","천왕역 구로청년공간 청년이룸 일자리카페입니다. 천왕역 4번 출구와 연결 되어 있는 청년이룸! ( 홈페이지 찾아오는 길 참고) ? 스터디룸 : 매주 금요일 11시 ~ 19시(사전예약 1팀 최대2시간) ? 취업상담 : 매주 금요일 13시 ~ 17시  ※ 일자리카페 무료공간 대관은 매주 금요일입니다. ※ 일자리카페 외 청년이룸 공간 대관은 유료사용이며 아래를 통해 이용해주세요 대관 문의 [ 070-4913-4137 / eroom.youth@gmail.com ] ","평일 10시~22시 토요일 10시~17시","일요일 공휴일 휴무","강의실(20~30명 규모)","그룹 스터디룸 (최대 8명)","*코로나 19로 인하여 당분간 인원이 제한 될 수 있습니다.","","","","","","","","[권장사항]","청년은 누구나 무료로 예약 또는 이용 하실 수 있습니다. 쉽게도 무료공간은 청년들을 위해서만 개방이 되어 있습니다.","스터디룸은 예약을 통해서만 이용할 수 있습니다. (매주 금요일마다 스터디룸1 무료)","좋은 공간을 많은 사람들이 공유하자는 취지에서 1팀 최대 2시간 까지만 예약 부탁드립니다.","취창업 관련 청년활동 (스터디 면접 준비 해당 주제 관련 모임)에 한해서만 이용이 가능합니다.","이용목적에 청년활동을 기재해주시기 바랍니다.","스터디룸은 음식물 반입이 금지되오니 간단한 취식은 청년이룸 내 공유공간 테이블을 이용해주시기 바랍니다. (음식물쓰레기 처리불가)","주차 불가","","","서울특별시 구로구 오리로 1130","구로구","지하1층 청년이룸","확인승인","http://job.seoul.go.kr/www/common/img.jsp?dir=jobcafe&name=네온 (가로형).jpg","공공시설"
"서울숲언더스탠드에비뉴"," 청년들의 취업?창업?혁신의 공간입니다.","취?창업 공익 플랫폼 ‘서울숲 언더스탠드에비뉴’에 청년들이 자유롭게 취업과 창업을 준비할 수 있는 ‘청년 일자리 카페’를 마련했습니다. 이 곳에서 많은 청년들이 미래를 꿈꾸고 꿈을 실현할 기회를 얻기를 기대합니다.  ★코로나-19 수도권 지역의 연쇄 감염 확산으로 인해 강화된 방역조치 시행을 위한 공공시설 운영 중단이 연장되어 일자리카페 시설(스터디룸) 또한 폐쇄됨을 알려드립니다.★","평일 09시~18시","주말 공휴일","스터디룸 최대 4명 수용가능(코로나 상황으로 4명까지만 수용)","","","","","","","","","","청년은 누구나 무료로 예약 또는 이용 하실 수 있습니다. 아쉽게도 무료공간은 청년들을 위해서만 개방이 되어 있습니다.","예약을 통해서만 이용할 수 있습니다. 좋은 공간을 많은 사람들이 공유하자는 취지에서 1팀 최대 2시간 까지만 예약 부탁드립니다. ","취창업 관련 청년활동 (스터디 면접 준비 해당 주제 관련 모임)에 한해서만 이용이 가능합니다. ","서울시일자리카페로 제공되는 스터디룸은 홈페이지 예약일정을 확인해주시기 바랍니다.","※프로그램 진행시 실적확인 등 보고자료용 사진촬영이 이루어질 수 있습니다. 신분이 노출되지 않도록 처리 후 사용하오니 양해해 주시기 바랍니다.","※그룹룸 사용시 신청사유란에 사용자 명단을 추가 기입하여 주시기 바랍니다. 한 팀의 1실 독점사용을 방지하기 위한 방안이오니 양해바랍니다."," (ex. 공기업 준비를 위한 스터디 모임 4인 - 예약자명 1인 사용자명 3인 모두)","","","","서울특별시 성동구 왕십리로 64","성동구","실주소: 63 -서울숲3번출구","확인승인","http://job.seoul.go.kr/www/common/img.jsp?dir=jobcafe&name=서울숲언더스탠드에비뉴1-3_1.jpg","공공시설"
"동대문구답십리도서관","취업지원 서비스를 One-Stop 으로 제공하는 취업 특화 도서관입니다.  청년층 대상으로 '취업 지원 서비스'를 자료부터 특강 취.창업을 준비하는 공간대여까지 One-Stop으로 제공하고자 합니다.","-주요 취업지원 서비스   . 릴레이 취업 특강 '준비된 者 JOB아라!' 진행   . 자격증 도서 1000여권 보유 및 자격증 참고정보원 제공   . 취업 및 창업 관련 도서 400여권 보유   . 한국산업인력공단 서울특별시동부여성발전센터 등 유관기관 취업 정보 제공 등  ● 스터디룸명 : 다솔방 . 스터디 룸 유형 : 스터디룸 . 무료 개방 일시 : 월수토일 19:00~21:00 . 스터디룸 수용인원 : 최소 4명 ~ 최대 12명 . 스터디룸 부대시설 : wifi 화이트보드 등 . 스터디룸 간략 소개 : 최대 2시간 이용가능 --------------------------------------------------------------------------- ● 스터디룸명 : 문화강좌실 . 스터디룸 유형 : 스터디룸 . 무료 개방 일시 : 월수목토일 19:00~21:00 . 스터디룸 수용인원 : 최소 4명 ~ 최대 12명 . 스터디룸 부대시설 : wifi 화이트보드 등 . 스터디룸 간략 소개 : 최대 2시간 이용가능 --------------------------------------------------------------------------- ● 스터디룸명 : 동아리실 . 스터디룸 유형 : 스터디룸 . 무료 개방 일시 : 화수목토일 19:00~21:00  . 스터디룸 수용인원 : 최소 4명 ~ 최대 10명 . 스터디룸 부대시설 : wifi 화이트보드 등 . 스터디룸 간략 소개 : 최대 2시간 이용가능","09:00~22:00","금요일 법정공휴일"," 서울시 일자리 키오스크 설치(1F 로비)"," 스터디룸 3개 운영","    - 다솔방 (12명 수용가능)","    - 문화강좌실 (12명 수용가능)","    - 동아리실 (10명 수용가능)"," 세미나룸 3개 운영","    - 시청각실 (40명 수용가능)","    - 한울방 (30명 수용가능)","    - 세미나실 (20명 수용가능)","     ※ 특강공간의 경우 담당자 유선문의 후 특강 진행형태에 따라 개별 대관 진행"," 취.창업을 준비하는 청년(만18세~만39세)은 누구나 이용하실 수 있습니다. (홈페이지를 통한 사전예약 필수)"," 취.창업 관련 청년활동(스터디 면접준비 해당 주제 관련 모임-예약신청시 이용목적 기입 필수)에 한해서만 이용이 가능합니다."," 서울시일자리카페로 제공되는 스터디룸은 홈페이지 예약일정을 확인해 주시기 바랍니다."," 좋은 공간을 많은 사람들이 공유하자는 취지에서 1팀당 최대 2시간까지만 예약 가능합니다. "," 세미나룸(시청각실 한울방 세미나실)의 경우 특강전용 공간으로 소규모 모임은 스터디룸을 이용바랍니다. (세미나룸 예약 희망시 담당자와 사전 논의 필수!)"," 도서관의 특성상 사전에 공지 후 사진촬영을 진행 할 수 있습니다. "," 이용 후 책상 및 의자 세팅 원상복구 및 발생한 쓰레기는 깨끗이 정리해주세요. ","★도서관의 일정에 따라 승인불가한 경우가 있사오니 양해바랍니다.","","","서울특별시 동대문구 서울시립대로4길 75","동대문구","동대문구답십리도서관","확인승인","http://job.seoul.go.kr/www/common/img.jsp?dir=jobcafe&name=20180226_131631_1.png","도서관"
"성신여자대학교 대학일자리센터","청년들이 꿈을 키우는 공간입니다.","일자리카페 키오스크 설치 진로상담 취업상담 수시상시취업특강","평일 09시~18시","공휴일","예약완료 후 담당 컨설턴트와의 전화통화 후 방문바랍니다.","운영시간: 평일 09시~18시","청년은 누구나 무료로 예약 또는 이용 하실 수 있습니다.  ","스터디룸/최대 4인 수용가능","강의실/최대 40인 수용가능","","","","","","※ 대학교 일자리카페는 일자리포털을 통하여 별도 공간 예약을 받지 않습니다.","","","","","","","","","","서울특별시 성북구 보문로34다길 2","성북구","대학일자리센터","확인승인","http://job.seoul.go.kr/www/common/img.jsp?dir=jobcafe&name=성신1_1.jpg","대학교"
"서울청년센터광진오랑","서울청년센터 오랑은 내가 사는 지역 가까이 청년 누구나 이용할 수 있는 공간입니다. 반복되는 일상 속에서 어려움을 만날때 도움이 필요하지만 뭔가 막막할 때 청년지원매니저를 찾아주세요!","다 다른 청년들이 다양한 유?무형의 사회서비스에 다다를 수 있도록 광진 오랑이 함께합니다 !광진 오랑은 군자역과 어린이대공원역 사이에 위치해있습니다. 모두를 위한 공간으로 여러분을 초대합니다 ~","매주 화 16:00~20:00","없음","어서오소 : 30명 이상/모여보소 : 12~15명","스터디룸명 : 모여보소","스터디룸 유형 : 회의실","스터디룸 수용인원 : 12~15명","스터디룸 부대시설 : wifi 화이트보드빔프로젝터 등","- 좋은 분위기와 필요한 장비를 자유롭게 이용할 수 있습니다.","","","","","청년은 누구나 이용 하실 수 있습니다. 아쉽게도 공간은 청년들을 위해서만 개방이 되어 있습니다.","예약을 통해서만 이용할 수 있습니다. 예약 신청 후 관리자의 확인이 필요합니다.","[카카오톡 채널 '무중력지대 광진구'/ 인스타그램 @jingu_orang /전화 02-3409-3890]으로 연락주시면 빠른 확인이 가능합니다.","좋은 공간을 많은 사람들이 공유하자는 취지에서 1팀 최대 2시간 까지만 예약 부탁드립니다.","취창업 관련 청년활동(스터디 면접 준비 해당 주제 관련 모임)에 한해서만 이용이 가능합니다.","서울시 일자리카페로 제공되는 스터디룸은 홈페이지 예약일정을 확인해 주시기 바랍니다.","예약 후 이용이 어려운 경우 다른 청년들이 이용할 수 있도록 사전연락 부탁드립니다.","이용 후 책상 및 의자 세팅 원상복구 및 발생한 쓰레기는 깨끗이 정리해주세요. ","※코로나 상황에 의해 현재는 대관이용이 어렵습니다. ","","서울특별시 광진구 능동로 245","광진구","DH빌딩2층 서울청년센터 광진 오랑","자동승인","http://job.seoul.go.kr/www/common/img.jsp?dir=jobcafe&name=메인이미지_2.jpg","공공시설"
"무중력지대 대방동","이 곳은 다양한 청년활동이 자유롭게 펼쳐지는 공간입니다.","무중력지대 대방동은 다양한 청년활동이 즐겁게 펼쳐지는 공간입니다.   누구나 편하게 오가며 나다움을 찾는 활력을 얻어갈 수 있도록 다양한 프로그램과 공간을 지원합니다.  사회의 중력을 벗어나 자유롭게 활동할 수 있는 공간을 꿈꾸는  무중력지대 대방동은 청년 누구에게나 열려있습니다.","평일 10시 ~ 22시/ 토요일 10시 ~ 16시","일요일 공휴일","1F 스터디룸(테라스) 2F 세미나실(A)","스터디룸명 : 스터디룸/스터디룸 유형 : 스터디룸","무료개방일시 : 평일 10:00 ~ 21:00  토요일 10:00~ 15:00","스터디룸수용인원: 최소2명~최대 6명","스터디룸 간략 소개 : 1층 테라스에 위치해 있으며 오픈형 구조로 되어있습니다.","","스터디룸명 : 세미나실(A)/스터디룸 유형 : 세미나실","무료개방일시 : 월~토 10:00 ~ 15:00","스터디룸수용인원: 최소2명~최대 8명"," 스터디룸 간략 소개 : 2층에 위치해 있으며 자신의 일에 집중할 수 있는 공간으로 조성되어 있습니다.","청년(만19세~만39세)은 누구나 무료로 예약 또는 이용 하실 수 있습니다. ","예약을 통해서만 이용할 수 있습니다. 홈페이지에서 예약 일정을 확인해주시기 바랍니다.","좋은 공간을 많은 사람들이 공유하자는 취지에서 1팀 최소2시간~최대 3시간 단위 예약 부탁드립니다. (내부 정리를 포함하여 이용완료 5분 전까지 사용할 수 있습니다.)","취창업 관련 청년활동 (스터디 면접 준비 해당 주제 관련 모임)에 한해서만 이용이 가능합니다. ","각 대관공간은 독립되어 있으나 방음 시설이 없습니다. 대관 공간 이외에서 소음이 발생할 수 있으니 양해부탁드립니다.","최종 예약 후 대관 당일 체크인은 1층 공간 매니저 또는 3층 운영국 매니저에게 문의 후 진행하시면 됩니다.","신청시 본인이 참석하지 않는 대관은 불가하며 체크인 시 신청인 본인이 직접 체크인을 받아야 합니다. (늦는 경우 미리 전화를 주세요.)","대관을 신청한 이용자는 대관이 시작되는 시간부터 끝나는 시간까지 현장에 남아 분실 및 파손 등에 대한 책임을 져야합니다.","사전 양해 받지 못한 과도한 소음 음식 냄새 시설 독점은 제재 대상입니다.","대관 이용 시 주차는 불가하오니 대중교통을 이용해주세요.","서울특별시 동작구 등용로 79-1","동작구","무중력지대 대방동","확인승인","http://job.seoul.go.kr/www/common/img.jsp?dir=jobcafe&name=20181002_093103_1.jpg","공공시설"
"피앤티스퀘어","당신의 도전을 응원합니다. ","모던한 디자인의 분위기 좋은 스터디카페 피앤티스퀘어입니다.  스터디룸 12인실 1개 8인실 3개 6인실 5개 보유 스터디홀 80평 ","평일 공휴일 토요일 09시~22시/일요일 9시~20시","설 추석 당일 휴무","스터디룸 12인실 1개 8인실 3개 6인실 5개 보유","스터디룸명 : LAB06","스터디룸 유형 : 스터디룸","스터디룸수용인원: 6명","무료개방일시 : 월~금 9시~18시","스터디룸 간략 소개 : 대형 TV모니터와 컴퓨터가 설치되어 있는 6인 스터디룸 입니다.","","","","","청년은 누구나 무료로 예약 또는 이용 하실 수 있습니다. ","아쉽게도 무료공간은 청년들을 위해서만 개방이 되어 있습니다.","본 카페의 원칙 및 많은 사람들이 공유하자는 취지에서 ","취창업 관련 청년활동 (스터디 면접 준비 해당 주제 관련 모임)에 한해서만 이용이 가능합니다. ","서울시일자리카페로 제공되는 스터디룸은 홈페이지 예약일정을 확인해주시기 바랍니다.","※ 2시간 단위 예약가능합니다.","","","","","서울특별시 종로구 수표로 105","종로구","지하 2층","확인승인","http://job.seoul.go.kr/www/common/img.jsp?dir=jobcafe&name=카페존.jpg","스터디카페"
"LH서부권주거복지지사","마이홈 같이 편안한 서울시일자리카페입니다. 취업 준비도 하고 주거 상담 등 다양한 상담도 받고..","영등포구청역(2호선 1번출구 5호선 7번 출구) 인곡빌딩 1층에 위치한 주거지원 상담센터입니다. 취업 특강 스터디룸 대여는 물론 다양한 복지 연계 상담프로그램을 무료로 이용하실 수 있습니다.  [LH주거지원 개인별 맞춤 상담] 월~금 9~18시 [서울시복지재단 금융복지 상담] 월~금 9~18시 [우리은행 주택도시기금대출 상담] 수?목 13~18시 [법률상담] 매월1?3주 금 14~17시  [서울시일자리카페 청년취업상담] 월 14~17시  * 기관 사정에 따라 서비스 일정이 다소 변경 가능하므로 사전에 마이홈센터로 서비스 일정 문의 부탁드립니다. * 마이홈 스터디룸 세미나실은 사전 예약 후 이용 가능하며 예약시 주의사항을 반드시 읽어주세요.","평일 09시~18시","주말 법정 공휴일","마이홈 카페 마이홈 스터디룸(1개) 마이홈 세미나실(1개)","[마이홈 카페] 운영기간 내 상시 개방(예약 불필요)","[마이홈 스터디룸] 정보검색 PC 1대 1~4명 수용 가능 매주 월?화 9~18시 이용 가능(예약필수)","[마이홈 세미나실] 대형모니터&PC 1대 20명 내외 수용 가능 매주 월~금 9~18시 이용 가능(예약필수)","* 제공 스터디룸명 : 마이홈스터디룸","* 마이홈 세미나룸 : 한시적 미대관","","","","","청년은 누구나 무료로 예약 또는 이용 하실 수 있습니다. ","아쉽게도 무료공간은 청년들을 위해서만 개방이 되어 있습니다.","서울일자리포털 회원가입 및 예약을 통해서만 이용할 수 있습니다. ","좋은 공간을 많은 사람들이 공유하자는 취지에서 1팀 최대 2시간 까지만 예약 부탁드립니다.","취창업 관련 청년활동 (스터디 면접 준비 해당 주제 관련 모임)에 한해서만 이용이 가능합니다. ","서울시일자리카페로 제공되는 스터디룸은 홈페이지 예약일정을 확인해주시기 바랍니다.","음료 외 음식물 반입은 불가합니다. 이용 후 책상 및 의자 세팅 등 뒷정리 부탁드립니다.","","","","서울특별시 영등포구 양산로 107","영등포구","인곡빌딩 1층","확인승인","http://job.seoul.go.kr/www/common/img.jsp?dir=jobcafe&name=LH서부권01+사이즈조정_1.bmp","공공시설"
"숭실대학교 잡카페","취업을 준비하는 대학생들을 위한 청년 스터디룸 공간입니다. ","숭실대학교 잡카페는 대학생들의 취업준비 및 스터디활동을 위해 지원되는 공간으로  취업을 준비하는 대학생들에게 무료로 제공되며 청년 취업준비에 도움을 주기 위해 지원하는 공간입니다. ","평일 09:00~17:30","주말 및 공휴일","학기중 : 평일 09:00~17:30 / 주말 및 공휴일 휴무","스터디룸 부대시설 : wifi 회이트보드","","","","","","","","","※ 대학교 일자리카페는 일자리포털을 통하여 별도 공간 예약을 받지 않습니다.","","","","","","","","","","서울특별시 동작구 상도로 369","동작구","경력개발센터 앞 공간","확인승인","http://job.seoul.go.kr/www/common/img.jsp?dir=jobcafe&name=키오스크사진_경력앞.jpg","대학교"
"건국대학교 Job Cafe","전문 취업 및 진로 상담관이 항시 대기중이며  간단한 취업 준비를 할 수 있는 공간 입니다.  ","학생 및 지역청년들의 접근이 용이한 학생회관 2층에 자리잡고 있으며  취업 및 진로관련 서적이 비치되어있고 간단한 웹서핑도 가능한 공간입니다.   전문 취업 및 진로 상담관이 항시 대기중이며  간단한 취업준비를 할 수 있는 캐쥬얼한 공간입니다. ","평일 09시 ~ 17시","공휴일","전용상담공간: 상담실 9실 상담 신청전용 정보검색대 1기","전용세미나실: 세미나실1(24석 규모)  세미나실2(17석 규모)","잡카페 (스터티 좌석: 28석 정보검색대: 8대 잡라이브러리: 1295권 청년고용정책 홍보용 DID시스템: 1대)","","","","","","","","건국대학교 Job Cafe에는 상시 프로그램이 운영되는 세미나실 외에 별도의 스터디룸이 없는 관계로 별도 예약을 받지 않습니다. ","양해바랍니다. ","","","","","","","","","서울특별시 광진구 능동로 120","광진구","학생회관 2층 204호","확인승인","http://job.seoul.go.kr/www/common/img.jsp?dir=jobcafe&name=20180928_132857_1.png","대학교"
"무중력지대 영등포","청년다움으로 청년들의 다음을 만드는 공간입니다.","무중력지대 영등포는 청년들의 도전과 창작 탐색과 변화의 기회를 제공하는 공간입니다.  남들과는 다른 생각 문제에 대한 창의적접 근 겸손하지만 발칙한 상상을 실험해보고 싶은 청년들을 기다리고 있습니다.  [휴관 안내] - 코로나19로 인해 별도의 공지 시까지 휴관 예정이며 개관 시 인스타그램을 통해 공지할 예정입니다. (@youthzoneydp)","개관","주말 및 공휴일","모두의지대 : 자유로운 휴식 공간","공유지대 : 개인 작업 및 스터디 / 커뮤니티 공간","멘토지대 : 상담 공간","카페 : 음료 구입 및 휴식공간","배움지대 : 강연 공간 / 대관 가능","창작지대 : 창작활동 공간 / 대관 가능","미디어지대 : 영상 편집 및 방송 공간 / 대관 가능","공유부엌 : 요리 및 식사 공간","","","해당 공간은 예약을 통해서만 이용할 수 있습니다.","만 19세~34세 청년은 누구나 무료로 예약하여 이용하실 수 있습니다.","취/창업 관련 청년활동 (스터디 면접 준비 해당 주제 관련모임)에 한해서 이용이 가능합니다.","1일 1팀 당 최대 3시간 사용 가능합니다. ","이용일로부터 최소 3일 전 예약하여야 하며 주말 및 공휴일은 예약승인이 어렵습니다.","서울시 일자리카페로 제공되는 스터디룸은 홈페이지 예약일정을 확인해주시기 바랍니다.","이용 시 안내데스크에 방문하여 체크인 후 이용 가능합니다.","","","","서울특별시 영등포구 당산로 235","영등포구","무중력지대 영등포","확인승인","http://job.seoul.go.kr/www/common/img.jsp?dir=jobcafe&name=외관2(무중력지대 영등포)_190927(사이즈조정).jpg","공공시설"
"무중력지대 도봉","청년들을 구속하는 사회의 중력에서 벗어난 무중력의 공유공간","무중력지대 도봉은 청년들을 구속하는 사회의 중력에서 벗어나 자유롭게 활동할 수 있는 서울시 청년 공유공간입니다.  다양한 프로그램과 커뮤니티 활동이 가득하니 언제든 친구 집에 드나들 듯 자유롭게 무중력지대 도봉에 머물러 주세요!","월-금 10:00 -22:00 토 10:00-18:00","일요일 공휴일","청년이라면 누구나 사용 가능한 공유 공간입니다","전원 콘센트가 탑재된 대형 테이블에서 개인 업무를 볼 수 있습니다.","공유부엌에서 다양한 조리도구를 이용하여 함께 모여 음식을 만들고 나눌 수 있습니다.","안마 TV시청 영화감상 독서 탁구 등 다양한 휴식과 활동이 가능합니다.","청년들을 위한 대관공간인 세미나실과 회의실이 있습니다.","","","","","","청년이라면 누구나 무료로 예약 또는 이용하실 수 있습니다.","아쉽게도 해당 공간은 청년들을 위해서만 개방하고 있습니다.","예약 후 무단 노쇼를 3회 이상 한 예약자는 노쇼등록되며 공간을 이용할 수 없습니다.","더 많은 청년들이 공유하자는 취지에서 1팀당 최대 2시간까지만 예약이 가능합니다.","연속 사용 적발시 노쇼등록됩니다.","취창업 관련 청년활동에 한해서만 이용이 가능합니다.","무중력지대 도봉 휴관 일정에 맞춰 운영이 되고 있으니 사전에 일정을 확인하시기 바랍니다. (공휴일 예약 불가)","","","","서울특별시 도봉구 마들로11길 77","도봉구","무중력지대 도봉","확인승인","http://job.seoul.go.kr/www/common/img.jsp?dir=jobcafe&name=무중력지대2.jpg","기타"
"모임플러스","취준생을 위한 공간  강남역 스터디룸 모임플러스 입니다. ","강남역 5번출구 300M 거리에 위치하고 있어서 이용이 편리합니다. 대부분의 이용자들이 취업준비생이어서 소음이 적고 깔끔합니다.","평일 주말 및 공휴일 09시~23시","추석 설날 당일 제외 휴무없음","스터디룸명 : 2번 Room","스터디룸 유형 : 스터디룸","무료개방일시 : 월 9시 ~ 12시까지","스터디룸 수용인원 : 최대 8명","스터디룸 부대시설 : wifi PC 화이트 보드 등","스터디룸명 : C5 Room","스터디룸 유형 : 세미나룸","무료개방일시 : 최대 10명","스터디룸 부대시설 : wifi 화이트보드 등","","청년은 누구나 무료로 예약 또는 이용 하실 수 있습니다. ","아쉽게도 무료공간은 청년들을 위해서만 개방되어 있습니다.","예약을 통해서만 이용할 수 있습니다. 좋은공간을 많은 사람들이 공유하자는 취지에서 1팀 최대 2시간까지만 예약 부탁드립니다.","취창업 관련 청년활동 (스터디 면접준비 해당 주제 관련모임)에 한해서만 이용이 가능합니다.","서울시일자리카페로 제공되는 스터디룸은 홈페이지 예약일정을 확인해주시기 바랍니다.","예약후 사용이 어려운 경우 반드시 사전연락하여 다른 청년들이 이용할 수 있도록 해주시기 바랍니다. ","이용 후 책상 및 의자 세팅 원상복구 및 발생한 쓰레기는 깨끗이 정리해주세요. ","","","","서울특별시 서초구 사임당로 173","서초구","4층(서초동 서전빌딩)","확인승인","http://job.seoul.go.kr/www/common/img.jsp?dir=jobcafe&name=7.jpg","스터디카페"
"용산꿈나무종합타운","청년들이 꿈을 키워나가는 공간 (코로나19로 인해 최대 이용인원의 50%만(최대 6명) 이용가능합니다)","청년들이 꿈을 키워나가는 공간  카페(멀티미디어 3층) 스터디룸(5층)","평일 09시~21시 토요일 09시~18시","법정공휴일 및 매주월요일","카페(멀티미디어 3층) 스터디룸(5층)","스터디룸명 : 꿈드림①","스터디룸 유형 : 스터디름","★ 무료개방일시 : 월요일 9시~18시(점심시간 제외)","스터디룸수용인원: 최대 12명","스터디룸 부대시설 : wifi 화이트보드 빔프로젝트 등","","","","","청년들의 일자리 창출을 위해 개방되는 시설입니다.","일자리 포털을 통해 예약.승인 후 사용이 가능하며 현장 신청은 되지 않습니다.","함께 공유하는 공간으로써 1팀 최대 2시간까지만 사용이 가능합니다.","취.창업 관련 청년활동(스터디 면접 준비 해당 주제 관련 모임)에 한해서만 이용이 가능합니다.","시설 사용 후 모든 기자재는 정리 정돈 후 사용을 종료하시면 됩니다.","서울시일자리카페로 제공되는 스터디룸은 홈페이지 예약일정을 확인해주시기 바랍니다.","","","","","서울특별시 용산구 백범로 329","용산구","5층 꿈나무종합타운","확인승인","http://job.seoul.go.kr/www/common/img.jsp?dir=jobcafe&name=20181001_100909_1.jpg","공공시설"
"동덕여자대학교","여성들의 커리어개발을 돕는 성장공간입니다.  ","상담/관광/CS/승무원/비서/전산/회계/디자인 등 여성의 특성과 강점을 고려하여 전문화 될 수 있는 분야에서  커리어 개발 및 취업 경쟁력을 갖출 수 있도록 여성특화진로상담과 취업지도서비스가 제공됩니다.   ","평일 10시~17시 (단 방학 중 11시~15시)","주말 및 공휴일","평일 10시~17시 (단 방학 중 11시~15시)","일자리카페 키오스크 설치 진로상담 취업상담 수시상시취업특강","","","","","","","","","예약완료 후 담당 컨설턴트와의 전화통화 후 방문바랍니다.","운영시간: 평일 10시~17시 단 방학 중 11시~15시 (방학기간을 문의하여 확인해주세요)","청년(만 18세~39세)을 위한 공간으로 ‘서울시일자리포털’ 홈페이지 회원 가입 후 예약을 통해 누구나 사용하실 수 있습니다. ","청년의 취?창업을 위한 모임공간으로만 사용이 가능합니다. ","1일 최대 3(2)시간 사용가능합니다. ","","","","","","서울특별시 성북구 화랑로13길 60","성북구","(하월곡동)","확인승인","http://job.seoul.go.kr/www/common/img.jsp?dir=jobcafe&name=3_2.jpg","대학교"
"무중력지대 양천","안녕하세요. 무중력지대 양천입니다.  잔잔한 음악과 따뜻한 햇살을 받으면서 개인업무와 휴식을 취할 수도 있는 공간이에요. 현재 비대면 프로그램으로 운영중입니다.","※ 코로나19 예방 및 확산방지를 위해 별도 공지시까지 스터디룸 운영을 중단합니다. 추후 이용 공지는 무중력지대양천 sns나 홈페이지를 통해  재안내드리도록 하겠습니다.  양해부탁드립니다.※  개인책상과 휴식스톤이 구비되어 있답니다. 따뜻한 커피도 저렴하게 마실 수 있구요 직접 요리도 할 수 있어요.  스터디룸과 모임 장소로 사용할 수 있는 회의실과 강연 등으로 이용할 수 있는  세미나실도 마련해 놓았습니다. 청년들을 위한 다양한 프로그램도 진행합니다.  친구 연인 등 소중한 사람들과 오셔서 영화도 보고 강연도 듣고 이야기도 나눠보세요. 같이 함께 할 수 있는 공간이랍니다.  만나야지대(회의실) 배워야지대(세미나실) 방송중지대(녹음실) 대관은 정규 운영시간 내 비무장지대(코워킹스페이스) 및 전체 대관은 운영시간 외 가능합니다.","월-금 10:00 ~ 22:00 / 토 10:00 ~ 17:00","일요일 공휴일 휴무","<비무장지대> (DMZ) : 북콘서트 강연 영화상영 등 여러 행사가 열리며 프로그램이 없을 시 자유롭게 이용 가능한 오픈 공간입니다.","<만나야지대> (MEETING ZONE) : 소규모 독립공간으로 조용하고 아늑한 분위기에 청년들이 모여 자유롭게 의견을 공유할 수 있는 공간입니다.","<방송중지대> (RECORDING ZONE) : 팟캐스트 방송 음악 녹음 등이 가능한 시설이 마련된 공간으로서 청년들이 맘껏 자신의 능력을 발휘할 수 있도록 준비된 공간입니다. ","<배워야지대> (LEARNING ZONE) : 교육과 모임장소가 필요한 청년들을 위한 각종 세미나와 교육장으로 활용되며 배움과 토론을 통해 청년들이 자신의 꿈을 찾아갈 수 있는 공간입니다.","<먹어야지대> (EATING ZONE) : 혼밥이 아닌 청년들이 함께 요리하고 음식을 즐기며 이야기 나눌 수 있는 공간으로서 누구나 자유롭게 이용 가능한 오픈 공간입니다.","★ 만나야지대/방송중지대/배워야지대 는 대관을 통해 이용 가능합니다.","※무료대관 : 만나야지대 수 10:00~22:00","","","","무중력지대 양천은 ‘청년’을 위한 공간입니다.","모든 대관은 이용자의 50% 이상이 만19세~만39세의 청년이어야 합니다.","그러나 대관일 일주일 이전까지 청년 대관일정이 없으면 청년이 아니더라도 대관이 가능합니다. ex) 3월 10일 대관일 3일 이전 : 청년 대관 우선 3일~9일 : 연령 무관","★일자리포털을 통해서 ","★★무중력지대양천 자체 사업으로 취소될 수 있다는 점 감안 부탁드립니다.★★","네이버 스페이스 클라우드 및 전화예약 현장예약이 가능합니다. (당일과 전날은 전화와 현장예약)","만나야지대 배워야지대 방송중지대는 정규 운영시간(평일 10:00~22:00 토요일 10:00~17:00)내 비무장지대는 운영시간 외에만 대관 가능합니다.","이용 후 책상 및 의자 세팅 원상복구 및 발생한 쓰레기는 깨끗이 정리해주세요. ","","","서울특별시 양천구 오목로 359","양천구","무중력지대양천","확인승인","http://job.seoul.go.kr/www/common/img.jsp?dir=jobcafe&name=1_6.jpg","공공시설"
"인덕대학교","취업과 진로를 찾기 위한 스터디그룹 공간입니다.","서울시 노원구 인덕대학교 내에 위치하고 있으며  취업상담과 멘토링 이력서.자기소개서 클리닉 스터디룸 대여 등  청년취업을 위한 다양하고 체계적인 프로그램을 제공합니다.","평일 09시~18시","주말 및 공휴일","세미나룸 최대 40인 수용가능/스터디룸 최대 6~8인 가능","스터디룸명 : 취업특강실 잡카페","스터디룸 유형 : 세미나실 스터디룸 등","무료개방일시 : 월요일~금요일 8시간","스터디룸 수용인원 : 최소 6명~최대40명","스터디룸 부대시설 : 전자교탁 화이트보드 검색용 컴퓨터 등","스터디룸 간략소개 : 비젼","","","","청년은 누구나 무료로 예약 또는 이용하실 수 있습니다. 아쉽게도 무료공간은 청년들을 위해서만 개방이 되어 있습니다.","본 대학교 학생들이 우선적으로 이용토록 합니다.","※ 대학교 일자리카페는 일자리포털을 통하여 별도 공간 예약을 받지 않습니다.","","","","","","","","서울특별시 노원구 초안산로 12","노원구","","확인승인","http://job.seoul.go.kr/www/common/img.jsp?dir=jobcafe&name=인덕대_메인이미지(일자리카페)_1.jpg","대학교"
"종로여성인력개발센터 청년일자리카페","청년들이 꿈을 키우는 공간입니다.  피어라 청년의 삶 웃어라 청년의 꿈!   ","종로여성인력개발센터에서는 직업훈련-취업지원-사후관리까지 ONE-STOP 종합지원서비스를 제공합니다.  종로여성인력개발센터가 제공하는 V-Up솔루션  # Vision-Up 청년고용서비스   - 청년취업성공패키지   - 청년내일채움공제   - 청년재직자 내일채움공제  # Version-Up 청년특화직업훈련   - 청년취업아카데미   - 내일배움카드제 훈련  # Value-Up 오직 종로센터에서만   - 대학로 일(JOB)내다! 공연예술 아카데미     (공연기획자 양성)   - 패션주스 아카데미     (패션 주얼리 스타트업을 위한 브랜딩 전문가 양성과정)   - 디지털마케팅 아카데미","평일 09시~17시","주말 공휴일","스터디룸(최대 8인 수용)","스터디룸은 센터 4층 402호입니다.","스터디룸 유형 : 폐쇄형 공간입니다.","무료개방일시 : 평일(월 금 / 09:00~17:00) *단 화 13:00~17:00 1:1상담 진행으로 대관불가","스터디룸 수용인원 : 최소 3명~최대 8명","스터디룸 부대시설 : 화이트보드 에어컨 와이파이","스터디룸 간략 소개 : 8인까지 수용 가능한 깔끔하고 조용한 공간입니다.","","","","※ 이용 목적 및 요청 사항에 사용하시는 분들의 이름을 모두 적어주세요 ※","청년은 누구나 무료로 예약 또는 이용 하실 수 있습니다. 아쉽게도 무료공간은 청년들을 위해서만 개방이 되어 있습니다.","예약을 통해서만 이용할 수 있습니다. ","예약하신 시간 변경이나 취소 시 최소 하루 전까지 알려 주세요.","취창업 관련 청년활동(스터디 면접 준비 해당 주제 관련 모임)에 한해서만 이용이 가능합니다. ","1팀 3시간까지 사용 가능합니다. ","스터디룸 안에서는 식사 등 외부음식 배달 금지됩니다.","","","","서울특별시 종로구 대학로11길 23","종로구","대학로스타시티빌딩 2층 3층 4층","확인승인","http://job.seoul.go.kr/www/common/img.jsp?dir=jobcafe&name=종로센터 메인사진 스터디.jpg","공공시설"
"장안평자동차산업종합정보센터","자동차산업으로 취업과 창업을 준비하는 청년 구직자들을 지원하는 카페 ","자동차 애프터 마켓의 메카 장안평의 중심이 되는 센터입니다.  자동차산업으로 취업과 창업을 준비하는 청년 구직자들에 특화되어 있으며  자동차 관련 서적이 비치되어 있어 센터 내에서 자유롭게 읽으실 수 있습니다.  지하철 5호선 장한평역에서 가깝습니다.    ※무료 스터디룸 외 별도 공간을 제공하고 있지 않습니다. 양해바랍니다.    ","월~금요일 09시~13시 토요일 09시~17시","일요일 공휴일","*스터디룸 : 3층 상담실 (스터디룸 1~8명 수용가능)","무료개방일시 : 월~금요일 9시~13시 토요일 9시~17시","채광이 좋으며 외부 테라스 이용도 가능합니다. ","","","","","","","","청년은 누구나 무료로 예약 또는 이용 하실 수 있습니다.","예약을 통해서만 이용할 수 있습니다. 사전예약을 원칙으로 하며 사용일 기준 최소 2일 이전에 예약해야 합니다. ","공간 사용예약 시 부득이하게 타 행사 및 대관과 중복될 경우 사용예약 승인 취소가 안내될 수 있습니다. ","일자리카페 목적에 맞지 않게 공간 사용 시 퇴실 조치 될 수 있습니다. ","서울시일자리카페로 제공되는 스터디룸은 홈페이지 예약일정을 확인해주시기 바랍니다.","무료 스터디룸 외 별도 공간을 제공하고 있지 않습니다. 양해바랍니다.","","","","","서울특별시 성동구 자동차시장1길 64","성동구","3층 상담실 ","자동승인","http://job.seoul.go.kr/www/common/img.jsp?dir=jobcafe&name=메인이미지_JAC.jpg","공공시설"
"청년교류공간","전국 청년들의 교류와 활동 지원을 위한 공간입니다.","서울시 청년교류공간은 '청년(서울시 기준 만 19세-39세)'의 활동 및 청년을 위한 활동 교류활동을 하는 단체를 위해 운영하고 있으며 다른 지역 청년들이 함께 만나는데 부담을 덜고 마음의 지지를 얻도록 조성된 공간입니다. ","월~금 10~22시","공휴일","스터디룸명 : 들어봐방(3층) / 유형 : 세미나실 다목적홀 / 수용인원 : 최대 10명 / 무료개방일시 : 평일 11시~20시","간략 소개 : 3층 ‘들어봐방’은 많은 인원들이 참여하는 세미나 포럼 강연 뿐만 아니라 함께 영화보기 레크레이션 등의 네트워킹행사도 가능한 공간입니다. ","부대시설 : wifi 2인 테이블 10개 의자 20개 빔프로젝터(RGBHMDI) 화이트보드 마이크 구획용 가벽 정수기 ","서울 일자리카페로 제공되는 스터디룸은 청년활동을 위한 공간으로 청년은 누구나 무료로 예약 또는 이용하실 수 있습니다. (서울시 기준 만 19세-39세)","청년교류공간 건물에서는 음주 및 ★흡연이 불가하며 특히 공간 입구 및 인근 아파트 단지 내에서 흡연을 삼가주세요.","주차 공간이 마련되어 있지 않기 때문에 대중교통을 이용하거나 공영주차장을 이용해주세요. 인근 아파트 단지 내 주차를 삼가주세요. ","본 공간은 공유공간이므로 사용하신 물품 및 자리를 스스로 정리해주셔야 합니다. 정리 미비 시 이용자에게 정리정돈을 요청할 수 있습니다.","쓰레기는 1층에서 분리수거 처리해야하며 음식물 쓰레기의 경우 쓰레기봉투를 직접 구비하여 정리해주셔야 합니다. ","이용자 과실로 인한 분실 및 파손은 배상하셔야 하니 사용 시 유의해주세요. 현수막 부착 필요 시 사전 문의부탁드립니다.","음식물 반입 및 반려동물 동반의 경우 운영국에 사전 고지 및 허가가 필요합니다. 알려주세요:)","대관 이용인원의 과반이 청년(만19-39세)이거나 청년활동/교류활동 목적의 대관인 경우 승인됩니다. ","대관 시 '요청사항' 부분에 명확한 대관 목적/간단한 활동내용을 적어주세요. 예를 들어  '끼리끼리'/전국 청년활동 실무진 교류회 - 추가침낭 2개요청 (미 입력시 승인 불가)","승인 불가 : (1) 요청사항 내용 미기입 또는 극히 단순할 때('세미나' '교류회' 처럼만 쓴 경우) (2) 종교 정치 영리 활동 (3) 기타 부적합하다 판단된 경우","대관 신청자는 대관 체크인부터 체크아웃까지 공간 이용의 책임을 가지고 있습니다. 인원관리 분실 및 파손 청결 등에 있어 운영진과 함께 관리 감독합니다. ","공간 이용 전 2층 운영국 또는 1층 안내사무소에 ★꼭 방문하여 체크인★ 하고 안내를 받아주세요. (신분증 이름 확인) 체크인 진행시 나누어드리는 체크리스트 꼼꼼히 기재 부탁드립니다:) ","좋은 공간을 많은 사람들이 공유하자는 취지로 1팀 최대 2시간 까지만 이용가능하며 세팅과 정리시간을 포함하여 ★이용완료 5분전★까지 사용할 수 있습니다. 다른 청년들을 위해 이용시간을 엄수해주세요. ","대관승인은 평일 10시~18시 사이에 이뤄집니다. 야간 및 주말에 대관신청을 하시는 경우 미승인되어 자동취소될 수 있습니다.","대관 독점 및 노쇼 방지를 위해 예약은 대관일 3일 전까지 신청받습니다. 2일전~당일 신청 건은 취소될 수 있습니다. 예약 및 누락 확인 등 승인여부에 관하여 궁금하신 점은 운영국으로 전화주세요 ▶ 02-338-7964","동일 시간대에 이미 대관신청이 되어있는 경우 예약이 취소될 수 있으니 양해 부탁드립니다.(선착순 이용) 이번주 대관현황은 청년교류공간 공식홈페이지에서 확인가능합니다 ▶ youthzonegr.com","★이유가 없거나 불충분한 '당일취소'는 '노쇼'로 보며 '노쇼'발생 시 다른 분들의 이용기회를 박탈하신 것으로 간주합니다. '노쇼'가 발생된 분 및 그룹의 대관신청은 승인하지 않습니다.","서울특별시 마포구 방울내로5길 42","마포구","청년교류공간","확인승인","http://job.seoul.go.kr/www/common/img.jsp?dir=jobcafe&name=청년교류공간_1.jpg","공공시설"
"구름이야기","청장년들이 꿈을 키우고 나아가는 공간입니다. ※카페명이 원투스픽카페에서 구름이야기로 변경되었습니다.(2021.05) ","※ 카페가 이전되었습니다. 이용전에 위치 확인해주세요.  오전에는 NCS취업스터디를 진행하고 오후에는 다양한 언어의 어학스터디를 진행하는 공간입니다.","월~토요일 9~22시 일요일 9~19시","없음","스터디룸 각 최소 6 ~ 최대 10인 수용가능","스터디룸 부대시설 : wifi 화이트보드","스터디룸 유형 : 세미나실 회의실 스터디룸 등","","무료개방일시 : 월~금요일 오전10:00~17:00","무료스터디 공간은 오픈석 4석입니다.(예약 후 이용가능)","","","","","청년은 누구나 무료로 예약 또는 이용 하실 수 있습니다. 아쉽게도 무료공간은 취업준비생들을 위해서만 개방이 되어 있습니다.","예약을 통해서만 이용할 수 있습니다. ","좋은 공간을 많은 사람들이 공유하자는 취지에서 최대 2시간 까지만 예약 부탁드립니다. ","취창업 관련 청년활동 (스터디 면접 준비 해당 주제 관련 모임)에 한해서만 이용이 가능합니다. ","서울시일자리카페로 제공되는 스터디룸은 홈페이지 예약일정을 확인해주시기 바랍니다.","","","","","","서울특별시 마포구 월드컵북로 24","마포구","지층","자동승인","http://job.seoul.go.kr/www/common/img.jsp?dir=jobcafe&name=KakaoTalk_20200826_153459859.jpg","스터디카페"
"슈퍼스타트 강남점","항상 열정적인 인재들이 가득한 공간","강남역 11번 출구 옆 소재한 스터디 룸 스터디룸 으로 운영하고 있으며 무료이용은 서울시일자리포털을 통한 예약으로 가능합니다.","평일 09시~13시","명절 성탄절","일자리카페 예약자 무료개방은 평일 09:00~13:00 입니다. ","상호명 : 슈퍼스타트 강남점","유형 : 일자 테이블","스터디룸 번호 : 15번","부대시설 : wifi 화이트보드 대형 모니터 스낵 흑/컬러 복합기 등","스터디룸 수용인원: 최소 2명~최대 4명","★ 새벽시간과 주말에 스터디룸 예약 요청 자제 부탁드립니다.","최대 무료이용시간은 2시간 입니다. 추가이용(유료) 원하시는 경우 카운터에 요청해주세요.","https://www.superstart.co.kr/ 강남점 참조 요망","문의사항은 일자리카페에 문의해주세요.","청년은 누구나 무료로 예약 또는 이용 하실 수 있습니다. 아쉽게도 무료공간은 청년들을 위해서만 개방이 되어 있습니다.","무료개방은 주말제외 월~금 09:00~13:00 입니다. ","서울시 일자리포털 사이트 예약을 통해서만 이용할 수 있습니다. ","취창업 관련 청년활동 (스터디 면접 준비 해당 주제 관련 모임)에 한해서만 이용이 가능합니다. ","서울시일자리카페로 제공되는 스터디룸은 홈페이지 예약일정을 확인해주시기 바랍니다.","스터디룸 공간대여 업주는 장소제공을 할 뿐 청년분들의 궁금증을 풀어드리기 어려우니 서울시에 문의 부탁드립니다.","주말 공휴일 무료개방 시간 외 문의전화는 담당자가 부제중이므로 자제부탁드립니다. ","최소1시간 최대2시간 무료신청 가능하며 사이트에서 선택가능한 시간 외에는 현장유료로 진행하셔야합니다.","","","서울특별시 강남구 테헤란로 101","강남구","이즈타워 지하 3층","확인승인","http://job.seoul.go.kr/www/common/img.jsp?dir=jobcafe&name=1_8.jpg","스터디카페"
"상명대학교 SM카페","SM카페는 청년들이 꿈과 희망을 키우며 자유롭게 수다를 즐길 수 있는 공간 입니다. ","넓은 공간으로 다채로운 행사를 진행할 수 있고요 청년 취업정보를 제공하고 있으며 음료를 마실 수 있는 음료대가 비치되어 있음. ? 최대 20명 까지 수용가능","평일 09시~21시/토공휴일 10시~18시","없음","청년은 누구나 무료로 예약 또는 이용 하실 수 있습니다.","운영시간: 평일 09:00~21:00","휴무일(토요일 공휴일) 없음 ","","","","","","","","※ 대학교 일자리카페는 일자리포털을 통하여 별도 공간 예약을 받지 않습니다.","","","","","","","","","","서울특별시 종로구 홍지문2길 20","종로구","상명대학교 학생회관 대학일자리센터 201호","확인승인","http://job.seoul.go.kr/www/common/img.jsp?dir=jobcafe&name=메인1_1.png","스터디카페"
"명지전문대학 일자리카페","서울시 일자리정책과 취업 정보들을 홍보하는 공간입니다.","서울시 일자리정책과 취업 정보들을 홍보하는 공간입니다.","월~금 09:00~17:00","주말 공휴일","※ 대학교 일자리카페는 일자리포털을 통하여 별도 공간 예약을 받지 않습니다.","","","","","","","","","","※ 대학교 일자리카페는 일자리포털을 통하여 별도 공간 예약을 받지 않습니다.","","","","","","","","","","서울특별시 서대문구 가좌로 134","서대문구","","확인승인","http://job.seoul.go.kr/www/common/img.jsp?dir=jobcafe&name=20210331_152357.gif","대학교"
"노량진청년일자리센터","청춘의 내일을 찾는 곳 노량진청년일자리센터","오픈석으로 이용 스터디룸 다목적홀 교육실 2개소","평일 09시~22시 토요일 09시~18시","국경일 및 공휴일 ","오픈 스터디룸","스터디룸 유형 : 세미나실회의실스터디룸 교육실 등","무료개방일시 :  평일 09:00~22:00 토요일 09:00~18:00 (공휴일 및 일요일 휴관)","다목적홀 최대 수용인원 : 35명","다목적홀 부대시설 : wifi 화이트보드 빔 프로젝트","세미나룸 및 다목적홀  간략 소개 : 청년층(만19세~만39세)은 누구나 오셔서 사용하실 수 있습니다.","세미나룸 부대시설 : wifi 화이트보드 빔 프로젝트(세미나룸 12를 모두 사용할 경우에만 가능)","","","","팀당 하루 3시간이상 이용하실 수 없습니다.(한팀이 예약자 명을 바꿔서 3시간 이상 대여할 수 없습니다.)","최소 예약인원은 3명이며 세미나룸 정원은 6명 다목적홀 정원은 30명 입니다.","예약을 통해서만 이용할 수 있습니다. (당일 예약은 불가합니다.)","예약자가 반드시 모임에 참여해야 합니다. (대리 예약 불가) ","세미나룸 및 다목적홀 내 음식물 반입 및 섭취는 일체 금지합니다!!","취창업 관련 청년활동(스터디 면접 준비 해당 주제 관련 모임)에 한해서만 이용이 가능합니다. ","노량진 청년일자리센터에서 제공되는 세미나룸 다목적홀은 홈페이지 예약일정을 확인해주시기 바랍니다.","세미나룸  빔프로젝트 사용은 6명 이상 세미나룸 12 모두 사용시에만 가능합니다.","예약 후 대관 전 취소사유 발생시 서울시일자리포털에서 본인이 직접 취소하시면 됩니다.(개인서비스>일자리카페)","※ 대관 예약 신청 후  노쇼발생 등 미사용 시  해당 대관자의 차후 사용이 제한될 수 있습니다.","서울특별시 동작구 노량진로 190","동작구","23층 노량진 청년일자리센터(고려교육타워-어바니엘한강 노량진동)","자동승인","http://job.seoul.go.kr/www/common/img.jsp?dir=jobcafe&name=동작구청 사진01.jpg","공공시설"
"덕성여자대학교(커리어센터)","대학생들의 취업프로그램 및 취업알선 등을 위한 공간","대학내에 있는 커리어 개발센터 입니다. (졸업생 및 재학생들의 취업에 필요한 프로그램 및 취업에 성공하기 위한 전략을 세우는 공간입니다.)","9시~17시","공휴일","해당없음.","","","","","","","","","","※ 대학교 일자리카페는 일자리포털을 통하여 별도 공간 예약을 받지 않습니다.","","","","","","","","","","서울특별시 도봉구 삼양로144길 33","도봉구","덕성여자대학교 커리어센터","확인승인","http://job.seoul.go.kr/www/common/img.jsp?dir=jobcafe&name=1_1.png","대학교"
"양천 디지털 상상캠퍼스","청년들의 상상을 현실로 만들 수 있는 마당  “양천 디지털 상상캠퍼스”입니다.","양천구 광역일자리카페 '양천 디지털 상상캠퍼스'입니다.   청년들의 취/창업 역량 강화를 지원하는 청년기관입니다.  도움이 필요한 청년들을 기다리고 있습니다 :-)  ※ 4단계 거리두기 시행에 따라 휴관합니다     7.12.(월)부터 8.8.(일)까지","화-토:10:00-19:00","일요일 월요일 및 공휴일","세미나실/스터디룸/상담실의 공간이 구성되어 있으며  취/창업 스터디 및 회의 목적으로 청년 누구나 이용 가능합니다.","","","","","","","","","","만 19세~39세 청년은 누구나 무료로 예약하여 이용하실 수 있습니다.","예약을 통해서만 이용할 수 있습니다. (당일 예약은 불가합니다.)","취/창업 관련 청년활동(스터디 면접 준비 해당 주제 관련 모임)에 한해서만 이용이 가능합니다. 상업적 종교적 용도로 이용 시 승인이 취소될 수 있습니다.","이용 후 책상과 의자 세팅은 원상복구 부탁드리며 쓰레기는 깨끗이 정리해주세요.","세미나룸 및 스터디룸 내 음식물 반입 및 섭취는 불가합니다.","예약가능 인원 및 시간 : 최대 4명(코로나 19로 인한 인원 제한) 1일 1팀당 최대 4시간 사용 가능합니다.","대관 예약 신청 후 무단 불참(노쇼) 시 추후 예약에 제한이 있을 수 있습니다.","","","","서울특별시 양천구 신정로7길 75","양천구","이든채아파트 지하 1층","확인승인","http://job.seoul.go.kr/www/common/img.jsp?dir=jobcafe&name=양천구광역일자리카페_홈페이지 헤더.png","공공시설"
"용산전자 상상가","스타트업 창업과 리더육성을 위한 코워킹 스페이스","용산 원효상가 6동 3층에 위치한 '용산전자 상상가'는 Y-밸리 멤버십에 가입한 회원들을 위해 개방형 코워킹스페이스 공유 부엌 회의실 세미나 룸 등 공간 시설을 제공하고 있으며 업무 교육 체험 교류의 거점이자 현재 대학(현장캠퍼스)-공공(창업지원센터 등)-기술장인이 어우러지는 '청년창업 플랫폼'으로 운영되고 있습니다. 현재 개방형 코워킹 스페이스 라운지 공유 부엌 회의실 세미나 룸 등 다양한 시설이 마련되어 있습니다. ※상품 유료 서비스(프로그램)의 홍보와 판매를 주된 목적으로 공간 대관을 신청할 경우 승인 불가합니다.   용산전자 상상가는 Y밸리 유관기관과 입주기관 MOU 대학 도시재생 관련 행사에  대관을 우선 제공하고 있으므로 기존 예약이 존재할 경우 예약신청이 거절될 수 있습니다. ","화요일 13시~19시 목요일 13시~19시","주말(토요일 일요일). 공휴일","서울시 일자리카페로 제공되는 공간은 6인 스터디룸 2곳(2F 3F)과 20인 세미나실(3F) 1곳입니다. ","화 목요일 13시~19시까지 무료로 제공되고 문의전화 가능시간은 09-18시까지이며 주말과 공휴일은 사용예약 문의전화를 받지 않습니다. ","넓고 쾌적한 '오픈형 코워킹' 커뮤니티 라운지 이용 가능","빔프로젝트 65인치 TV 등 첨단설비가 갖추어진 독립 세미나 룸 회의실 ","상상키친과 상상카페에서 무료 원두커피 제공","무료 WIFI 제공","안전을 위한 24시간 CCTV 통제","이용하시는 분들의 편의를 위한 운영 매니저 상주","멀티탭 노트북 포인트 무료 대여 및 인쇄가 가능한 편리성을 갖춘 공간","본 안내 사항의 미숙지 및 규정 위반으로 인해 발생하는 모든 책임은 대관자 사용자가 부담하며 이로 인해 상대방에게 손해를 입힐 경우 대관자 사용자가 이를 배상해야 합니다.","예약은 사용일 기준 7일(영업일 기준) 이전에 신청해주시길 바랍니다. ","예약접수 및 문의전화 가능 시간은 평일(공휴일 제외) 09:00~18:00시까지입니다. 주말에는 예약 신청을 받지 않습니다.","팀 최대 2시간 까지만 예약 가능하며 취?창업 관련 청년활동에 한해서만 이용이 가능합니다. 내부 사정 및 행사로 인해 예약이 거절/취소될 수 있습니다. ","본 공간 및 대관시설의 기존 사용 행사 등으로 인해 소음이 발생할 수 있으므로 대관 신청자는 사전에 유의해주시길 바랍니다.","대관자 사용자는 홍보물 설치 안내물 가설물의 설치 및 특수한 장비 반입 시 상상가 운영사무실 측의 사전 허가를 받아야만 합니다.","대관자는 대관 사용권을 타인에게 무단으로 양도 또는 변경할 수 습니다. 또한 대관 신청 후 미사용 시 해당 대관자의 차후 사용이 제한될 수 있습니다.","지나친 소음 발생이 사용이 제한될 수 있습니다. 대관 준비 사용 철수 기간 중 발생하는 쓰레기는 직접 수거하고 반출해야 하며 이용 후 뒷정리는 필수입니다.(이를 어길시 패널티가 부여될 수 있습니다)  ","대관자와 사용자는 화재 예방과 안전에 의무를 가지며 과도한 전기 사용 취사 조리 그리고 사전 협의되지 않은 음식물 반입은 엄격히 금지됩니다.","대관시설 사용 후 대관시설의 장비 집기 비품을 원상 복귀하여야 합니다. 물품 파손 비품 분실과 청결 불량의 경우 대관자에게 손해 배상이 청구될 수 있습니다.","본 운영사무실 측은 귀중품 보관 파손 분실 및 어떠한 인적 물적 손해에 있어 손해배상을 책임지지 않습니다.","서울특별시 용산구 청파로 77","용산구","원효상가 6동 3층","확인승인","http://job.seoul.go.kr/www/common/img.jsp?dir=jobcafe&name=main_image_1.jpg","공공시설"
"서울과학기술대학교 일자리카페","서울시 일자리정책과 취업 정보들을 홍보하는 공간입니다.","서울시 일자리정책과 취업 정보들을 홍보하는 공간입니다.","월~금 09:00~17:00","주말 공휴일","※ 대학교 일자리카페는 일자리포털을 통하여 별도 공간 예약을 받지 않습니다.","","","","","","","","","","※ 대학교 일자리카페는 일자리포털을 통하여 별도 공간 예약을 받지 않습니다.","","","","","","","","","","서울특별시 노원구 공릉로 232","노원구","","확인승인","http://job.seoul.go.kr/www/common/img.jsp?dir=jobcafe&name=서울과학기술대.png","대학교"
"강동일자리카페","청년 지역특화공간 강동일자리카페입니다. ","청년 지역특화공간 강동일자리카페입니다. 청년 취업을 위한 모든 서비스를 제공합니다. ","월~토 09:00~18:00","일요일 공휴일","스터디룸 사용 가능합니다(예약필!) ","※ 강동일자리카페 문의: 02-3427-1067~9","","교육공간(30석 규모) / 스터디룸(6인용 그룹스터디룸 2개 보유) -코로나19지침변동에 따라 사용인원 유동 적용: 현재 최대예약인원 4 인","운영시간: 월~ 토 09:00~18:00","강동일자리카페 스터디룸 이용방법: 서울일자리포털 또는 모바일앱 예약","스터디룸 예약시 연락처 이용목적 사용인원  성명 전부 :  필수 기재바랍니다. ","스터디룸 이용은 최소 2인 이상 예약 가능합니다.(1인 안됨)","※ 주차공간 없음/ 공용 컴퓨터(노트북)없음/ 프린터 없음","","취업관련 청년활동(취업스터디 면접준비 해당주제관련모임)에 한해서만 이용이 가능합니다.","예약을 통해서만 이용이 가능합니다. ","좋은 공간을 많은 사람들이 공유하자는 취지에서 1팀 1일 최대 3시간 예약 가능합니다.","예약은 주 1회 3시간만 가능합니다. (팀원이름 바꿔 연속예약 불가/예약인원 필수 참석 수시 출석체크)","이용 목적을 기재하지 않을 경우 예약 취소가 될 수 있으며 이용목적에 맞지 않을 경우 사용승인 취소될 수 있음을 양해 바랍니다. ","예약 후 참석하지 않으실 경우 스터디룸 사용이 취소되며 추후 스터디룸 사용에 제한을 받을 수 있으니 꼭 주의 해 주시기 바랍니다.","전체 대관 행사가 진행될 경우 예약이 제한 될 수 있으며 행사 진행 시 소음이 발생할수 있으므로 양해 바랍니다.","외부 음료 음식물 반입 및 섭취 금지입니다. ","","","서울특별시 강동구 올림픽로 797","강동구"," 4층 강동일자리카페","자동승인","http://job.seoul.go.kr/www/common/img.jsp?dir=jobcafe&name=강동1.jpg","공공시설"
"마포청년나루","Design For Our Dream! 청년들의 꿈을 디자인 하는 마포구 청년공간 '마포청년나루'입니다.","마포청년공간은 마포구가 설립하고 (사)한국청소년지원네트워크가 수탁운영하는 19세~39세 청년이라면 누구나 자유롭게 이용 가능한 열린 공간입니다. 청년들의 네트워킹과 취?창업을 위한 역량개발과 창의적 활동을 지원합니다. ","평일 오전10시~오후9시 / 토요일 오전10시~ 오후6시","일요일 공휴일","청년들의 네트워킹 형성 취?창업을 위한 역량개발을 위해 열려있는 공간입니다.","코로나 19 거리두기 4단계 기간(2021.08.08.까지)동안은 전화로 예약을 받고 있습니다.(02-6261-1943) ","","","","","","","","","만 18세~39세 청년은 누구나 무료로 예약하여 사용가능합니다.","취창업 관련 청년활동 (스터디 면접 준비 해당 주제 관련 모임)에 한해서만 이용이 가능합니다. 상업적용도로 이용 시 승인이 취소될 수 있습니다.","무단 불참(노쇼) 시 추후예약에 제한이 있을 수 있습니다. 당일취소는 무단불참 처리되며 반드시 하루 전 취소부탁드립니다.","예약가능 인원 및 시간 : 최대 3명(코로나 19로 인한 인원제한) / 1인 최대 2시간 예약가능  1팀당 연장 1회까지 가능(팀당 최대 4시간 이용)","당일 예약은 불가능하며 주말 및 공휴일은 예약 승인이 어렵습니다. 평일시간대에 예약해 주세요.","쾌적한 환경을 위해 음식물 반입은 삼가주세요. ","이용 후 책상과 의자 세팅은 원상복구 부탁드립니다. ","쓰레기는 깨끗이 정리해주세요. ","타 행사 및 대관과 중복될 경우 사용예약승인이 취소될 수 있습니다. ","4주이상 연속 사용 시 많은 분들께 기회를 드리기 위해 승인이 제한될 수 있습니다.(정기/고정적 사용 불가)","서울특별시 마포구 토정로 148- 22","마포구","2층","확인승인","http://job.seoul.go.kr/www/common/img.jsp?dir=jobcafe&name=3Y1A4484.JPG","공공시설"
"청년일다방","청년일.다(多).방(訪) 일?다?방 문을 두드리는 청년들이  취업정보와 꿈을 찾아갈 수 있도록 지원합니다.","안녕하세요? 성동구 광역일자리카페 청년 일다방 운영진 입니다.   청년 일다방은 청년 취업을 지원하기 위해 성동구에서 진로설계 취업상담 멘토링 취업특강부터 스터디룸 무료대여 이력서 사진촬영까지 취업준비에 필요한 서비스를 통합 제공하는 공간입니다.  진로설계부터 취업까지! 성동구 청년 일다방에서 함께해요! 여러분의 취업을 청년 일다방에서 지원해드립니다. 감사합니다   - 운영진 올림 -","평일 09시~18시","토요일 공휴일","스터디룸 2 ~ 8명(최대) 수용 가능","상담실 비대면 교육장 옥상정원","","","","","","","","","청년은 누구나 무료로 예약 또는 이용 하실 수 있습니다. 아쉽게도 무료공간은 청년들을 위해서만 개방이 되어 있습니다.","하루 전까지 예약을 통해서만 이용할 수 있습니다. ","좋은 공간을 많은 사람들이 공유하자는 취지에서 1팀 최대 2시간 까지만 예약 부탁드립니다. 같은 시간대 최대 2팀까지 신청 가능하나 단독으로 신청을 원하는 경우 미리 연락 부탁드립니다.","*취창업 관련 청년활동 (스터디 면접 준비 해당 주제 관련 모임)에 한해서만 이용이 가능합니다.","*서울시일자리카페로 제공되는 스터디룸은 홈페이지 예약일정에서 확인 부탁드립니다. 감사합니다.","","","","","","서울특별시 성동구 성수일로12길 20","성동구","성동안심상가 7층","확인승인","http://job.seoul.go.kr/www/common/img.jsp?dir=jobcafe&name=스터디룸 외관+내관.jpg","공공시설"